,baseMean,log2FoldChange,lfcSE,stat,pvalue,padj
gene:GSBRNA2T00068872001_BnaC06g40610D,33.4467718,-8.512095878,3.908086426,-2.178072578,0.029400634,0.711046597
gene:GSBRNA2T00025129001_BnaCnng33760D,31.93859279,-8.445601563,2.604176158,-3.243099181,0.00118237,0.09190145
gene:GSBRNA2T00109486001_BnaC09g02900D,6.269527661,-6.098072873,1.442812646,-4.226517482,2.37E-05,NA
gene:GSBRNA2T00087295001_BnaC04g24690D,4.436094505,-5.599567902,1.598956386,-3.502014157,0.000461755,NA
gene:GSBRNA2T00121035001_BnaA01g05120D,6.996278799,-5.259233563,1.40528127,-3.74247752,0.000182215,NA
gene:GSBRNA2T00088942001_BnaCnng15860D,3.15101404,-5.104451733,1.649161391,-3.095180229,0.001966933,NA
gene:GSBRNA2T00063450001_BnaC02g34860D,2.163626893,-4.561359693,1.869787686,-2.439506757,0.014707328,NA
gene:GSBRNA2T00133745001_BnaC07g28340D,2.163522205,-4.561160114,1.749714946,-2.606801826,0.009139224,NA
gene:GSBRNA2T00151929001_BnaC02g04570D,2.1539571,-4.555743074,1.956381423,-2.328657909,0.019877196,NA
gene:GSBRNA2T00015405001_BnaA01g34290D,1.984339399,-4.437783827,1.998958712,-2.220047768,0.026415525,NA
gene:GSBRNA2T00066840001_BnaCnng56410D,1.972924086,-4.430478813,2.009801464,-2.204436056,0.027493692,NA
gene:GSBRNA2T00124412001_BnaA07g25000D,3.966766359,-4.408476407,1.615440994,-2.72896158,0.006353411,NA
gene:GSBRNA2T00097655001_BnaAnng33150D,1.843818677,-4.329411897,2.059841976,-2.101817493,0.035569266,NA
gene:GSBRNA2T00068841001_BnaC06g40370D,1.841968469,-4.328095009,2.038277992,-2.123407614,0.03371971,NA
gene:GSBRNA2T00152836001_BnaC04g06700D,1.836313156,-4.3239558,1.889752693,-2.2881067,0.022131308,NA
gene:GSBRNA2T00047951001_BnaC09g54770D,1.804022113,-4.301730242,2.095222163,-2.053114136,0.040061509,NA
gene:GSBRNA2T00133206001_BnaC09g35030D,3.491734043,-4.222805733,1.564422351,-2.699274738,0.006949078,NA
gene:GSBRNA2T00044991001_BnaA09g09590D,3.503155756,-4.21813483,1.646584332,-2.561748431,0.010414673,NA
gene:GSBRNA2T00134537001_BnaC03g03450D,9.672041798,-4.201218352,1.333847226,-3.149699808,0.001634383,NA
gene:GSBRNA2T00146242001_BnaA07g35910D,1.669261391,-4.186653139,2.134809771,-1.961136395,0.049863114,NA
gene:GSBRNA2T00047245001_BnaA08g27060D,1.665560975,-4.183593737,1.890785989,-2.212621503,0.026923751,NA
gene:GSBRNA2T00091718001_BnaA05g20760D,1.663710767,-4.18229662,1.919329669,-2.179040259,0.029328678,NA
gene:GSBRNA2T00018052001_BnaCnng73900D,1.658055454,-4.178139054,2.111733702,-1.978535007,0.047868383,NA
gene:GSBRNA2T00002925001_BnaC09g30870D,1.655070766,-4.175866136,2.095370995,-1.992900611,0.046272331,NA
gene:GSBRNA2T00019483001_BnaAnng14250D,1.649415453,-4.171843101,1.946274349,-2.143502073,0.032072805,NA
gene:GSBRNA2T00068837001_BnaC06g40330D,3.363560138,-4.154666655,1.728910327,-2.403055029,0.016258741,NA
gene:GSBRNA2T00067198001_BnaA02g17430D,5.972109172,-4.103826081,1.285925422,-3.191340656,0.001416142,NA
gene:GSBRNA2T00035500001_BnaA09g46530D,6.036390256,-4.090147714,1.467084206,-2.78794339,0.005304381,NA
gene:GSBRNA2T00147722001_BnaA06g28320D,3.172437392,-4.076456091,1.746449166,-2.334139562,0.019588415,NA
gene:GSBRNA2T00119663001_BnaAnng01220D,1.501493898,-4.033645916,1.991697255,-2.025230443,0.042843707,NA
gene:GSBRNA2T00130076001_BnaA03g05680D,1.500464106,-4.03283664,2.013188812,-2.003208351,0.04515493,NA
gene:GSBRNA2T00016830001_BnaA04g29180D,1.497688794,-4.030537375,1.94965779,-2.06730504,0.03870542,NA
gene:GSBRNA2T00037477001_BnaCnng40740D,1.489153481,-4.023722669,1.95153976,-2.061819468,0.039224927,NA
gene:GSBRNA2T00133475001_BnaC07g30350D,2.988524378,-3.986506219,1.638401229,-2.433168475,0.014967335,NA
gene:GSBRNA2T00044586001_BnaC05g09730D,2.832887926,-3.90394857,1.679644693,-2.324270476,0.020111002,NA
gene:GSBRNA2T00027437001_BnaAnng40590D,2.675105477,-3.804197937,1.842123053,-2.06511608,0.038912018,NA
gene:GSBRNA2T00037727001_BnaAnng18400D,2.669345476,-3.801364658,1.660404387,-2.289420992,0.022054904,NA
gene:GSBRNA2T00107153001_BnaC09g48090D,2.489533356,-3.70645695,1.658823825,-2.234388544,0.025457519,NA
gene:GSBRNA2T00119664001_BnaAnng01230D,2.507128608,-3.703638021,1.66269991,-2.227484346,0.025914921,NA
gene:GSBRNA2T00029326001_BnaA02g21860D,2.315598986,-3.596242004,1.68681532,-2.13197139,0.033009199,NA
gene:GSBRNA2T00146164001_BnaC09g05440D,2.311793881,-3.594199645,1.683051653,-2.135525453,0.032718113,NA
gene:GSBRNA2T00080836001_BnaCnng11730D,2.176934871,-3.482385865,1.769355599,-1.968166189,0.049048919,NA
gene:GSBRNA2T00116757001_BnaA05g05300D,2.152759202,-3.481818543,1.73152976,-2.010833786,0.044343016,NA
gene:ENSRNA049445564_SSU_rRNA_eukarya,2.148651909,-3.480208425,1.712392002,-2.032366667,0.04211655,NA
gene:GSBRNA2T00149320001_BnaA04g00210D,2.141966804,-3.476286785,1.732400458,-2.006630031,0.044789071,NA
gene:GSBRNA2T00012073001_BnaA07g36360D,9.800294482,-3.469096395,1.000550439,-3.467187921,0.000525934,NA
gene:GSBRNA2T00064168001_BnaA05g34120D,3.795846072,-3.370913687,1.449477438,-2.32560618,0.02003957,NA
gene:GSBRNA2T00116443001_BnaA02g15790D,14.49694447,-3.284292119,0.732158951,-4.485763803,7.27E-06,0.001696701
gene:GSBRNA2T00119395001_BnaC05g18470D,26.07192796,-3.276714938,0.569373084,-5.754952296,8.67E-09,8.52E-06
gene:GSBRNA2T00069228001_BnaCnng57560D,29.65364447,-3.240963382,1.147803962,-2.82362101,0.00474845,0.234002153
gene:GSBRNA2T00157941001_BnaC07g10340D,3.315880572,-3.154952335,1.428768731,-2.208161662,0.027233006,NA
gene:GSBRNA2T00126532001_BnaA04g04770D,3.346741345,-3.125493273,1.451561192,-2.153194291,0.031303412,NA
gene:GSBRNA2T00041570001_BnaC06g26730D,28.16182642,-3.120429144,0.71289339,-4.377132945,1.20E-05,0.002562541
gene:GSBRNA2T00107362001_BnaA06g18740D,3.151288869,-3.113526996,1.493496416,-2.084723447,0.037094411,NA
gene:GSBRNA2T00121193001_BnaA01g03850D,3.14079866,-3.10924842,1.495874429,-2.078549081,0.037658815,NA
gene:GSBRNA2T00091489001_BnaCnng64770D,11.21600834,-3.100999702,1.064074217,-2.914270126,0.003565213,NA
gene:GSBRNA2T00156637001_BnaA09g24440D,3.163228808,-3.076920684,1.455389923,-2.11415555,0.034501984,NA
gene:GSBRNA2T00152537001_BnaC02g27010D,3.157468808,-3.07529483,1.431264401,-2.148655991,0.03166168,NA
gene:GSBRNA2T00047122001_BnaA08g26000D,7.617648467,-3.047885967,0.979145037,-3.112803366,0.001853194,NA
gene:GSBRNA2T00044589001_BnaC05g09720D,4.674743808,-3.035690921,1.266715771,-2.396505191,0.016552259,NA
gene:GSBRNA2T00147489001_BnaA06g26620D,2.974172309,-3.028073916,1.528586501,-1.980963403,0.047595378,NA
gene:GSBRNA2T00147594001_BnaA06g27390D,4.286429465,-2.959879925,1.285594672,-2.302343025,0.021315835,NA
gene:GSBRNA2T00070114001_BnaA02g12800D,3.009967192,-2.948771927,1.5043975,-1.960101587,0.049983918,NA
gene:GSBRNA2T00024496001_BnaC03g17080D,7.256088528,-2.946733627,1.032758325,-2.853265431,0.004327246,NA
gene:GSBRNA2T00079159001_BnaC03g21190D,4.133889052,-2.901936944,1.245147937,-2.330596114,0.019774667,NA
gene:GSBRNA2T00044001001_BnaAnng19960D,28.59639173,-2.892694674,0.585820766,-4.937849322,7.90E-07,0.000265777
gene:GSBRNA2T00137267001_BnaC02g21040D,5.314067985,-2.85135148,1.370879199,-2.079943646,0.037530702,NA
gene:GSBRNA2T00057365001_BnaA09g41790D,7.05302524,-2.829645189,1.041331036,-2.717334922,0.006580998,NA
gene:GSBRNA2T00076267001_BnaC05g48320D,5.328980738,-2.818301995,1.130390449,-2.493211083,0.012659356,NA
gene:GSBRNA2T00136332001_BnaA10g25580D,3.977747435,-2.807635437,1.270082316,-2.210593283,0.027064014,NA
gene:GSBRNA2T00106985001_BnaC09g49530D,14.31906982,-2.790838307,0.825428767,-3.381077105,0.000722023,0.063231393
gene:GSBRNA2T00021328001_BnaA01g18790D,3.788468235,-2.759735121,1.339880966,-2.059686786,0.039428493,NA
gene:GSBRNA2T00108036001_BnaC09g24280D,12.49007508,-2.757670864,0.93418245,-2.951961753,0.00315762,0.181861867
gene:GSBRNA2T00017589001_BnaAnng38110D,6.145559212,-2.729864767,1.244037527,-2.194358858,0.028209621,NA
gene:GSBRNA2T00009490001_BnaA09g04020D,4.931225703,-2.72175016,1.117096551,-2.436450239,0.01483221,NA
gene:GSBRNA2T00100227001_BnaC07g46800D,3.824072279,-2.706509529,1.278123427,-2.117565073,0.034211919,NA
gene:GSBRNA2T00074261001_BnaCnng59120D,3.824176967,-2.702952928,1.346417743,-2.007514341,0.044694925,NA
gene:GSBRNA2T00091717001_BnaA05g20770D,3.653523074,-2.66585756,1.308806598,-2.03686134,0.041663939,NA
gene:GSBRNA2T00097948001_BnaAnng33290D,8.282010923,-2.619916999,0.89012886,-2.943300815,0.003247327,NA
gene:GSBRNA2T00041195001_BnaC02g47920D,9.189603974,-2.5570877,0.95654021,-2.673267337,0.007511636,NA
gene:GSBRNA2T00111277001_BnaA04g06370D,4.472660559,-2.530440019,1.101923101,-2.296385308,0.02165386,NA
gene:GSBRNA2T00068867001_BnaC06g40570D,7.655751639,-2.50553958,1.066028658,-2.350349179,0.018755807,NA
gene:GSBRNA2T00005572001_BnaA01g26520D,3.325586422,-2.505038074,1.275857213,-1.963415693,0.049597892,NA
gene:GSBRNA2T00006420001_BnaA04g18770D,23.34143997,-2.465509914,0.649133316,-3.798156484,0.000145776,0.018454412
gene:GSBRNA2T00019264001_BnaC08g42370D,6.540489504,-2.429789836,1.036605967,-2.343985962,0.019078889,NA
gene:GSBRNA2T00128059001_BnaC08g03560D,4.178976246,-2.380333954,1.180848919,-2.015781965,0.04382278,NA
gene:GSBRNA2T00124873001_BnaA03g17650D,5.16753393,-2.376166022,1.019871608,-2.329867803,0.019813139,NA
gene:GSBRNA2T00027807001_BnaC09g52570D,81.76397533,-2.355988958,0.362873927,-6.492582643,8.44E-11,1.80E-07
gene:GSBRNA2T00121235001_BnaA01g03470D,12.14357678,-2.346586799,0.708764802,-3.310811702,0.000930258,NA
gene:GSBRNA2T00127433001_BnaC08g34950D,6.207834518,-2.343277486,0.97760994,-2.396945234,0.016532395,NA
gene:GSBRNA2T00047789001_BnaC05g16070D,7.923779658,-2.338948606,0.847046943,-2.761297499,0.005757221,NA
gene:GSBRNA2T00037933001_BnaA09g53290D,4.838690711,-2.263239394,1.14235241,-1.981209455,0.047567789,NA
gene:GSBRNA2T00008407001_BnaAnng35550D,4.81966519,-2.258440938,1.074588721,-2.101679362,0.035581373,NA
gene:GSBRNA2T00080702001_BnaA05g28830D,7.634832215,-2.257473009,0.826001351,-2.733013701,0.006275772,NA
gene:GSBRNA2T00005388001_BnaA04g21880D,58.59868555,-2.252784107,0.35210571,-6.398033447,1.57E-10,3.22E-07
gene:GSBRNA2T00113067001_BnaC06g29210D,9.804952799,-2.234799789,0.955171658,-2.339683942,0.019300065,NA
gene:GSBRNA2T00124475001_BnaA07g25540D,11.27830775,-2.219777495,0.69601102,-3.189284983,0.001426252,NA
gene:GSBRNA2T00149841001_BnaC04g35560D,5.689515785,-2.191950053,0.99775102,-2.196890816,0.028028245,NA
gene:GSBRNA2T00131100001_BnaC01g01730D,35.10976762,-2.191546967,0.427482308,-5.126637822,2.95E-07,0.000117856
gene:GSBRNA2T00021034001_BnaA08g05600D,21.18980872,-2.189920558,0.728515416,-3.006004416,0.002647052,0.162297646
gene:GSBRNA2T00009873001_BnaA09g02150D,39.85610517,-2.175598593,0.398309104,-5.462086033,4.71E-08,3.01E-05
gene:GSBRNA2T00115257001_BnaC04g25200D,12.54196624,-2.174633155,0.684451413,-3.17719142,0.001487088,0.108033599
gene:GSBRNA2T00103359001_BnaC06g33820D,5.26150343,-2.149828116,1.046271667,-2.054751346,0.039903028,NA
gene:GSBRNA2T00078184001_BnaA09g42530D,7.18376593,-2.130199313,0.947423534,-2.248412917,0.024549872,NA
gene:GSBRNA2T00118760001_BnaA07g13960D,6.118791171,-2.12029577,0.983749326,-2.155321192,0.031136709,NA
gene:GSBRNA2T00095183001_BnaA05g10620D,22.49533728,-2.113768907,0.618435943,-3.417926998,0.000631,0.058569653
gene:GSBRNA2T00002334001_BnaC03g30370D,15.20408682,-2.11216554,0.628687147,-3.359644857,0.000780427,0.066970086
gene:GSBRNA2T00019946001_BnaC01g38690D,27.53782175,-2.099700765,0.495808151,-4.234905699,2.29E-05,0.00434605
gene:GSBRNA2T00082765001_BnaC03g16470D,5.326308878,-2.098713524,1.014688706,-2.068332398,0.038608777,NA
gene:GSBRNA2T00136223001_BnaA10g24620D,51.23219592,-2.098014999,0.456364653,-4.597233785,4.28E-06,0.001078652
gene:GSBRNA2T00078966001_BnaA10g07070D,5.105348751,-2.093689784,1.030665616,-2.031395782,0.042214862,NA
gene:GSBRNA2T00051875001_BnaC01g36700D,8.599774916,-2.086413228,0.947341466,-2.202387739,0.027637931,NA
gene:GSBRNA2T00050372001_BnaA04g16680D,5.141655198,-2.056254177,0.984468088,-2.088695613,0.036735132,NA
gene:GSBRNA2T00117871001_BnaA09g19550D,52.57835502,-2.043194631,0.398239824,-5.130563316,2.89E-07,0.000117256
gene:GSBRNA2T00098797001_BnaA07g16780D,8.217561023,-2.027705897,0.975784106,-2.078027183,0.037706856,NA
gene:GSBRNA2T00006933001_BnaCnng69490D,6.641789756,-2.010956537,0.868205501,-2.316221833,0.02054616,NA
gene:GSBRNA2T00109748001_BnaA06g21110D,7.316521663,-1.963052337,0.844531736,-2.324426961,0.020102622,NA
gene:GSBRNA2T00156200001_BnaA06g05200D,7.364459461,-1.938946233,0.901806565,-2.150068882,0.031549767,NA
gene:GSBRNA2T00010708001_BnaA02g07040D,16.90900349,-1.936173823,0.596125337,-3.247930769,0.001162476,0.090907718
gene:GSBRNA2T00053874001_BnaC04g08800D,8.834238147,-1.932000768,0.943575226,-2.047532316,0.040605847,NA
gene:GSBRNA2T00085033001_BnaCnng04040D,11.79531508,-1.91075135,0.712716712,-2.680940853,0.007341549,NA
gene:GSBRNA2T00069896001_BnaC02g33240D,13.52772705,-1.909676661,0.685340419,-2.786464373,0.005328648,0.252505478
gene:GSBRNA2T00031730001_BnaC08g44930D,6.328050129,-1.903377468,0.902596227,-2.108780659,0.034963519,NA
gene:GSBRNA2T00030013001_BnaA05g34760D,16.95695849,-1.898737409,0.669994563,-2.833959429,0.004597517,0.23029912
gene:GSBRNA2T00125076001_BnaC03g47330D,7.134551407,-1.898074503,0.8830122,-2.14954505,0.031591219,NA
gene:GSBRNA2T00025964001_BnaCnng76690D,67.19627371,-1.896814611,0.444595103,-4.266386645,1.99E-05,0.003834147
gene:GSBRNA2T00155296001_BnaC04g45750D,18.81023337,-1.893168434,0.635479966,-2.97911584,0.002890815,0.171716406
gene:GSBRNA2T00111589001_BnaA03g31730D,190.101614,-1.884706184,0.709819729,-2.655189913,0.007926377,0.323794383
gene:GSBRNA2T00075883001_BnaA03g11970D,108.0375905,-1.873289833,0.273012403,-6.861555783,6.81E-12,2.68E-08
gene:GSBRNA2T00013863001_BnaAnng36860D,50.68721387,-1.870041857,0.441658954,-4.234130979,2.29E-05,0.00434605
gene:GSBRNA2T00136281001_BnaA10g25130D,57.58624514,-1.868296925,0.334315635,-5.588422227,2.29E-08,1.75E-05
gene:GSBRNA2T00085032001_BnaCnng04030D,52.6103699,-1.867122178,0.436912941,-4.273442153,1.92E-05,0.003771599
gene:GSBRNA2T00136282001_BnaA10g25140D,232.2534847,-1.863169985,0.857759954,-2.172134496,0.02984552,0.713089192
gene:GSBRNA2T00052752001_BnaA02g07640D,8.5189757,-1.851567741,0.917488393,-2.018083013,0.043582616,NA
gene:GSBRNA2T00139182001_BnaC07g22910D,212.6272329,-1.847042859,0.325450702,-5.675338378,1.38E-08,1.26E-05
gene:GSBRNA2T00102018001_BnaA07g27390D,7.67276401,-1.843329352,0.838897105,-2.197324727,0.027997263,NA
gene:GSBRNA2T00074589001_BnaC02g17140D,57.59040775,-1.838656305,0.342638316,-5.366172488,8.04E-08,4.20E-05
gene:GSBRNA2T00086419001_BnaA02g33040D,11.45783278,-1.838010997,0.662101803,-2.776024758,0.005502802,NA
gene:GSBRNA2T00007425001_BnaCnng23040D,6.81896731,-1.833117726,0.841559783,-2.17823827,0.029388302,NA
gene:GSBRNA2T00001765001_BnaC01g27000D,9.1326035,-1.829825383,0.78114138,-2.342502176,0.019154922,NA
gene:GSBRNA2T00155269001_BnaC04g45990D,12.38704196,-1.828174125,0.805220286,-2.27040247,0.023183175,0.632700262
gene:GSBRNA2T00122205001_BnaA09g49210D,20.85523105,-1.809439272,0.496263958,-3.646122679,0.000266227,0.029664291
gene:GSBRNA2T00123298001_BnaA04g23250D,13.32779746,-1.809315265,0.729634532,-2.479755531,0.013147249,0.443020963
gene:GSBRNA2T00137348001_BnaA03g35750D,6.609953522,-1.794246294,0.894602417,-2.00563542,0.04489516,NA
gene:GSBRNA2T00132673001_BnaA05g03260D,9.475974668,-1.779494624,0.846147126,-2.103055802,0.035460892,NA
gene:GSBRNA2T00056787001_BnaA06g37500D,28.8377238,-1.772234004,0.45080874,-3.931232577,8.45E-05,0.01177726
gene:GSBRNA2T00064538001_BnaC04g29980D,30.16793847,-1.766910865,0.438333056,-4.030977911,5.55E-05,0.008335325
gene:GSBRNA2T00104568001_BnaC08g12880D,43.27485299,-1.765729609,0.387379956,-4.558133642,5.16E-06,0.001269015
gene:GSBRNA2T00050209001_BnaA06g20370D,32.82201794,-1.754055102,0.467668886,-3.750634591,0.000176388,0.021530232
gene:GSBRNA2T00078767001_BnaA08g13340D,522.3587753,-1.737645275,0.651341354,-2.667795102,0.007635081,0.318766171
gene:GSBRNA2T00097287001_BnaC05g47750D,129.5353926,-1.72871655,0.263766683,-6.55396099,5.60E-11,1.43E-07
gene:GSBRNA2T00086593001_BnaAnng29980D,11.10532485,-1.724545118,0.841904168,-2.048386484,0.040522145,NA
gene:GSBRNA2T00138277001_BnaC01g13500D,7.816830367,-1.709700245,0.811255529,-2.107474383,0.03507648,NA
gene:GSBRNA2T00121350001_BnaA01g02450D,16.2666084,-1.709510571,0.568826012,-3.005331216,0.002652918,0.162297646
gene:GSBRNA2T00068863001_BnaC06g40550D,15.722295,-1.700835817,0.601313204,-2.82853562,0.00467615,0.232804638
gene:GSBRNA2T00080805001_BnaC02g00900D,7.825562918,-1.695159755,0.786830143,-2.15441639,0.031207532,NA
gene:GSBRNA2T00017512001_BnaAnng14020D,6.9788518,-1.684209566,0.847077851,-1.988258297,0.04678313,NA
gene:GSBRNA2T00100754001_BnaC09g16910D,13.66181809,-1.662716262,0.755288407,-2.201432255,0.027705438,0.689186237
gene:GSBRNA2T00127701001_BnaC04g39030D,7.682785111,-1.659186291,0.80276928,-2.066828332,0.038750333,NA
gene:GSBRNA2T00024488001_BnaC03g17150D,51.66962449,-1.652181445,0.433937794,-3.807415409,0.000140427,0.017978655
gene:GSBRNA2T00035030001_BnaA03g60000D,382.2424728,-1.650426737,0.295608943,-5.583142099,2.36E-08,1.76E-05
gene:GSBRNA2T00150971001_BnaA08g16100D,55.6372784,-1.638439888,0.338647688,-4.83818419,1.31E-06,0.000408624
gene:GSBRNA2T00095184001_BnaA05g10610D,11.31669399,-1.633327386,0.773153529,-2.112552456,0.034639092,NA
gene:GSBRNA2T00060120001_BnaC06g27540D,85.42554852,-1.627389309,0.387269379,-4.202215296,2.64E-05,0.004810731
gene:GSBRNA2T00107195001_BnaA06g17510D,12.19261957,-1.622548189,0.785607309,-2.065342533,0.038890602,NA
gene:GSBRNA2T00035883001_BnaC03g76860D,12.59091077,-1.616463433,0.797098437,-2.027934516,0.042566932,0.816901749
gene:GSBRNA2T00025851001_BnaA06g39970D,14.59694061,-1.610828373,0.754721583,-2.134334579,0.032815403,0.742944201
gene:GSBRNA2T00069087001_BnaC06g05350D,75.00810913,-1.609021228,0.327616865,-4.911289372,9.05E-07,0.000298547
gene:GSBRNA2T00006721001_BnaA09g16180D,15.14111938,-1.592433341,0.651953722,-2.442555793,0.014583675,0.47537762
gene:GSBRNA2T00103276001_BnaC06g33180D,8.658834273,-1.580706097,0.731083933,-2.162140385,0.030607357,NA
gene:GSBRNA2T00075683001_BnaCnng10690D,46.14880514,-1.561098683,0.358148644,-4.358801049,1.31E-05,0.002718884
gene:GSBRNA2T00059852001_BnaC03g41590D,71.05764787,-1.55506027,0.434158524,-3.581779888,0.000341261,0.036135541
gene:GSBRNA2T00033023001_BnaC03g69930D,20.53356713,-1.553622442,0.548423722,-2.832887017,0.004612969,0.230847038
gene:GSBRNA2T00083060001_BnaA08g31540D,25.15122727,-1.545531301,0.454248457,-3.402391968,0.000667988,0.059983526
gene:GSBRNA2T00070549001_BnaA09g13870D,77.8979955,-1.540186129,0.388142495,-3.968094578,7.24E-05,0.01040641
gene:GSBRNA2T00111519001_BnaA03g32270D,434.1016628,-1.530911197,0.234926056,-6.516566207,7.19E-11,1.75E-07
gene:GSBRNA2T00068880001_BnaC06g40660D,59.86072468,-1.528400259,0.494056665,-3.093572795,0.00197762,0.132431168
gene:GSBRNA2T00026332001_BnaC01g38080D,10.98514794,-1.527270254,0.656925742,-2.324875031,0.020078643,NA
gene:GSBRNA2T00114319001_BnaA04g09390D,13.89276611,-1.526561284,0.709886657,-2.150429606,0.031521249,0.73145486
gene:GSBRNA2T00116671001_BnaA05g04560D,13.41924094,-1.51676058,0.716395396,-2.117211514,0.034241901,0.760098858
gene:GSBRNA2T00155523001_BnaC08g30700D,11.66829167,-1.514985635,0.669438482,-2.263069238,0.023631421,NA
gene:GSBRNA2T00084857001_BnaA02g22690D,45.54899179,-1.513147905,0.350078987,-4.322304287,1.54E-05,0.003121361
gene:GSBRNA2T00120292001_BnaC02g41060D,137.1058251,-1.505607392,0.356097784,-4.2280729,2.36E-05,0.00443188
gene:GSBRNA2T00154414001_BnaC07g38710D,15.86080731,-1.491996512,0.739251455,-2.018253061,0.043564913,0.8263717
gene:GSBRNA2T00027303001_BnaA08g14800D,11.63255199,-1.482307616,0.703265551,-2.107749505,0.035052663,NA
gene:GSBRNA2T00044772001_BnaA03g49880D,80.09364135,-1.481823151,0.333417502,-4.444347225,8.82E-06,0.002003916
gene:GSBRNA2T00024819001_BnaC04g53000D,51.67812477,-1.468306032,0.402394369,-3.648922911,0.000263342,0.029406918
gene:GSBRNA2T00132652001_BnaA05g03410D,51.67812477,-1.468306032,0.402394369,-3.648922911,0.000263342,0.029406918
gene:GSBRNA2T00130051001_BnaA03g05460D,10.67316571,-1.45885503,0.71366133,-2.04418394,0.040935379,NA
gene:GSBRNA2T00112384001_BnaA07g11700D,172.0756402,-1.458699017,0.264245265,-5.520246574,3.39E-08,2.31E-05
gene:GSBRNA2T00001275001_BnaC08g10340D,68.63595819,-1.447038229,0.349486528,-4.140469262,3.47E-05,0.005831023
gene:GSBRNA2T00121544001_BnaA01g00740D,138.3118308,-1.436646025,0.226732507,-6.336303697,2.35E-10,4.63E-07
gene:GSBRNA2T00100708001_BnaC09g17200D,10.05419237,-1.431223541,0.726187354,-1.970873676,0.048738327,NA
gene:GSBRNA2T00112772001_BnaC04g30610D,10.51813364,-1.428959449,0.683670176,-2.09012986,0.036606136,NA
gene:GSBRNA2T00114987001_BnaC02g10790D,34.65187638,-1.420212254,0.4060646,-3.497503239,0.000469635,0.045925455
gene:GSBRNA2T00078183001_BnaA09g42520D,76.59898403,-1.416432606,0.396074745,-3.576175016,0.000348658,0.036745278
gene:GSBRNA2T00128810001_BnaC07g20260D,36.35313104,-1.409643118,0.480331311,-2.934730855,0.003338371,0.18835418
gene:GSBRNA2T00018602001_BnaC01g39120D,11.67688798,-1.406966248,0.637912741,-2.205577907,0.027413567,NA
gene:GSBRNA2T00124767001_BnaA03g18540D,139.5613346,-1.403473419,0.672669498,-2.086423455,0.036940282,0.782464757
gene:GSBRNA2T00035668001_BnaA06g12720D,211.3532991,-1.401893186,0.24189295,-5.795510734,6.81E-09,7.41E-06
gene:GSBRNA2T00039752001_BnaC07g51280D,1628.664414,-1.392932319,0.204435659,-6.813548714,9.52E-12,3.48E-08
gene:GSBRNA2T00110662001_BnaC03g37600D,650.4122024,-1.389186142,0.267139981,-5.200218018,1.99E-07,8.63E-05
gene:GSBRNA2T00077985001_BnaA06g33410D,264.1958245,-1.389099578,0.183483334,-7.570712545,3.71E-14,3.80E-10
gene:GSBRNA2T00077012001_BnaA04g20270D,11.28209843,-1.378806146,0.674216283,-2.045050202,0.040849909,NA
gene:GSBRNA2T00102697001_BnaA07g31260D,732.549837,-1.365335958,0.204105097,-6.689377092,2.24E-11,6.74E-08
gene:GSBRNA2T00086031001_BnaC07g42240D,119.3801063,-1.35797963,0.271340053,-5.004714983,5.59E-07,0.000200087
gene:GSBRNA2T00054481001_BnaCnng51180D,94.98356054,-1.356379054,0.410113366,-3.307327106,0.000941908,0.077429114
gene:GSBRNA2T00147987001_BnaC06g38870D,40.5447323,-1.354219066,0.385864586,-3.509570752,0.000448831,0.044400375
gene:GSBRNA2T00151640001_BnaA03g25870D,136.8228456,-1.352938312,0.249355493,-5.42574096,5.77E-08,3.49E-05
gene:GSBRNA2T00116082001_BnaC01g16510D,12.273645,-1.348808288,0.655347067,-2.058158733,0.039574899,0.795604799
gene:GSBRNA2T00122913001_BnaA10g05050D,11.03668631,-1.347976811,0.685210975,-1.967243462,0.04915515,NA
gene:GSBRNA2T00136361001_BnaA10g25810D,170.8611257,-1.339418328,0.272173421,-4.921194454,8.60E-07,0.000285668
gene:GSBRNA2T00006679001_BnaA03g57690D,38.83543888,-1.337201576,0.51153658,-2.614087886,0.008946602,0.348488204
gene:GSBRNA2T00002663001_BnaC05g01640D,26.156665,-1.328668231,0.611166021,-2.17398904,0.029705958,0.712564004
gene:GSBRNA2T00132917001_BnaA05g01210D,86.60138842,-1.325176761,0.3010107,-4.402424103,1.07E-05,0.002359856
gene:GSBRNA2T00034695001_BnaC06g11170D,207.4902603,-1.320459292,0.272220967,-4.850689158,1.23E-06,0.000390833
gene:GSBRNA2T00001243001_BnaC08g10220D,13.25940222,-1.320104575,0.606102862,-2.178020694,0.029404496,0.711046597
gene:GSBRNA2T00046189001_BnaC07g16660D,62.28423306,-1.315683382,0.413896606,-3.178773066,0.001478998,0.107751982
gene:GSBRNA2T00078837001_BnaA08g13860D,40.9658002,-1.315564773,0.372220834,-3.534366305,0.000408754,0.041396679
gene:GSBRNA2T00021737001_BnaA04g05610D,12.36924453,-1.310645497,0.642688007,-2.039318429,0.041418258,0.812101428
gene:GSBRNA2T00010952001_BnaAnng35930D,25.02436254,-1.306077907,0.44674357,-2.923551662,0.003460628,0.192915243
gene:GSBRNA2T00103638001_BnaC06g36050D,977.5499069,-1.304852504,0.214618281,-6.079875856,1.20E-09,1.81E-06
gene:GSBRNA2T00053384001_BnaA01g35490D,50.21045505,-1.302249457,0.441872378,-2.947116686,0.003207521,0.18411389
gene:GSBRNA2T00126311001_BnaA04g03320D,14.26493004,-1.30090749,0.629598709,-2.066248663,0.038805006,0.792234205
gene:GSBRNA2T00129915001_BnaA03g04250D,55.43621107,-1.297212037,0.390560541,-3.3214109,0.000895636,0.074847049
gene:GSBRNA2T00049544001_BnaA09g40390D,18.63770873,-1.296651385,0.553049873,-2.344546938,0.019050213,0.566785381
gene:GSBRNA2T00072215001_BnaCnng10080D,15.72465731,-1.293657341,0.570511984,-2.26753754,0.023357408,0.633886687
gene:GSBRNA2T00050135001_BnaA03g54400D,619.2726332,-1.291396165,0.238362943,-5.417772363,6.03E-08,3.53E-05
gene:GSBRNA2T00030723001_BnaC06g43650D,14.21622288,-1.289892625,0.609938228,-2.11479223,0.034447659,0.762585725
gene:GSBRNA2T00107231001_BnaA06g17800D,15.03597602,-1.285400132,0.587280758,-2.188731906,0.028616332,0.700600125
gene:GSBRNA2T00089102001_BnaC04g04970D,217.2647081,-1.279607247,0.226223787,-5.656377967,1.55E-08,1.39E-05
gene:GSBRNA2T00143208001_BnaA02g03120D,13.17730377,-1.271748928,0.589676385,-2.156689601,0.031029858,0.725684703
gene:GSBRNA2T00021148001_BnaA06g02710D,13.89946191,-1.271377605,0.626144399,-2.03048627,0.042307135,0.815414733
gene:GSBRNA2T00150991001_BnaA08g15930D,660.4917384,-1.271066987,0.227077614,-5.597500179,2.17E-08,1.75E-05
gene:GSBRNA2T00042260001_BnaC01g19550D,485.4665411,-1.27103027,0.245694463,-5.173214957,2.30E-07,9.81E-05
gene:GSBRNA2T00154173001_BnaA10g14500D,280.9483376,-1.269797557,0.504666052,-2.516114475,0.011865664,0.417084191
gene:GSBRNA2T00068177001_BnaC05g11430D,62.79039167,-1.267679056,0.290251287,-4.367522602,1.26E-05,0.002623245
gene:GSBRNA2T00012256001_BnaC04g36370D,57.75740448,-1.266090493,0.323215475,-3.917171645,8.96E-05,0.012332604
gene:GSBRNA2T00148277001_BnaC04g16670D,65.4895343,-1.258001679,0.375610879,-3.349215232,0.000810408,0.06907919
gene:GSBRNA2T00033707001_BnaAnng41580D,27.85362368,-1.257919474,0.445555634,-2.823260165,0.004753798,0.234002153
gene:GSBRNA2T00043396001_BnaA04g17880D,149.0464015,-1.256744805,0.302018586,-4.161150551,3.17E-05,0.005452747
gene:GSBRNA2T00049963001_BnaC03g58330D,19.66000412,-1.247591312,0.516740022,-2.414350078,0.015763309,0.498885309
gene:GSBRNA2T00011092001_BnaC03g71460D,284.9944655,-1.24242552,0.227571071,-5.459505531,4.77E-08,3.01E-05
gene:GSBRNA2T00048803001_BnaC01g15140D,44.40398045,-1.230163801,0.407604302,-3.018034391,0.0025442,0.157889342
gene:GSBRNA2T00039753001_BnaC07g51290D,552.7053565,-1.230068286,0.175641,-7.00330952,2.50E-12,1.28E-08
gene:GSBRNA2T00150246001_BnaA10g02860D,14.8911805,-1.230060989,0.554701305,-2.21751955,0.026587609,0.676515748
gene:GSBRNA2T00006529001_BnaC05g14270D,763.7769756,-1.229775912,0.198182611,-6.205266467,5.46E-10,9.01E-07
gene:GSBRNA2T00066956001_BnaA04g13410D,20.2239544,-1.226496884,0.53368677,-2.298158681,0.021552759,0.608330203
gene:GSBRNA2T00116620001_BnaA05g04160D,14.02044881,-1.226144557,0.574703017,-2.133527265,0.032881497,0.744111197
gene:GSBRNA2T00094401001_BnaC09g36790D,294.033772,-1.221526512,0.598255154,-2.041815276,0.041169858,0.811244052
gene:GSBRNA2T00102546001_BnaA07g30020D,26.44092129,-1.221290202,0.50339592,-2.426102705,0.015261951,0.492465108
gene:GSBRNA2T00110663001_BnaC03g37610D,78.29620713,-1.219444421,0.398993994,-3.056297686,0.002240887,0.143979774
gene:GSBRNA2T00008244001_BnaA06g01540D,65.0565246,-1.21848806,0.43783136,-2.783007733,0.005385752,0.253908284
gene:GSBRNA2T00007777001_BnaCnng70010D,23.50967589,-1.215833483,0.474605469,-2.561777227,0.010413809,0.385107635
gene:GSBRNA2T00103308001_BnaC06g33400D,43.06553164,-1.214184421,0.507562583,-2.392186623,0.016748324,0.51726341
gene:GSBRNA2T00105102001_BnaC04g41400D,32.2074161,-1.212820436,0.536880719,-2.259012836,0.023882586,0.641518383
gene:GSBRNA2T00079106001_BnaC03g21590D,335.382872,-1.211852588,0.249589731,-4.855378407,1.20E-06,0.000384082
gene:GSBRNA2T00018263001_BnaC09g00410D,26.98797771,-1.211202987,0.45707642,-2.649891646,0.008051759,0.325731199
gene:GSBRNA2T00107196001_BnaA06g17520D,20.7539084,-1.210106248,0.564803187,-2.142527302,0.032151074,0.738638932
gene:GSBRNA2T00113607001_BnaA03g39710D,132.4602445,-1.208877092,0.323536834,-3.736443473,0.000186641,0.022566399
gene:GSBRNA2T00102196001_BnaA07g25920D,32.92387435,-1.204752728,0.406853961,-2.961142926,0.003064997,0.17794929
gene:GSBRNA2T00132655001_BnaA05g03390D,68.00476127,-1.204413967,0.394823037,-3.050515934,0.002284486,0.145501533
gene:GSBRNA2T00129919001_BnaA03g04290D,21.96627334,-1.203580361,0.561349994,-2.144081899,0.032026325,0.738638932
gene:GSBRNA2T00125350001_BnaA06g16450D,15.71620567,-1.203355956,0.55105548,-2.183729223,0.028982151,0.70558312
gene:GSBRNA2T00138113001_BnaC01g12350D,33.13322951,-1.202946018,0.49238094,-2.443120603,0.01456087,0.475094962
gene:GSBRNA2T00082157001_BnaCnng12560D,23.10700261,-1.202102362,0.592921513,-2.027422409,0.042619232,0.817108149
gene:GSBRNA2T00149455001_BnaA01g16400D,285.9325157,-1.200677048,0.211251627,-5.683634567,1.32E-08,1.23E-05
gene:GSBRNA2T00110657001_BnaC03g37570D,1372.603058,-1.199364613,0.222348519,-5.394075119,6.89E-08,3.75E-05
gene:GSBRNA2T00074590001_BnaC02g17150D,20.21487631,-1.197966568,0.504605078,-2.374067602,0.017593329,0.535910197
gene:GSBRNA2T00151131001_BnaA03g42750D,875.2048888,-1.194053788,0.221740919,-5.384905026,7.25E-08,3.86E-05
gene:GSBRNA2T00116327001_BnaC03g68440D,18.33477758,-1.192833161,0.512531871,-2.327334608,0.019947463,0.581969799
gene:GSBRNA2T00062202001_BnaA06g09790D,56.17101126,-1.187781801,0.316534588,-3.752455008,0.000175111,0.021425576
gene:GSBRNA2T00027803001_BnaC09g52550D,372.2831731,-1.185816934,0.203065491,-5.8395788,5.23E-09,6.37E-06
gene:GSBRNA2T00100809001_BnaC09g16610D,61.18118247,-1.182666895,0.332325481,-3.558760801,0.000372609,0.038420763
gene:GSBRNA2T00131229001_BnaC01g00790D,84.39390741,-1.181897194,0.284571194,-4.15325661,3.28E-05,0.005608474
gene:GSBRNA2T00044885001_BnaC04g31620D,14.42371718,-1.181724928,0.597612747,-1.977409173,0.047995398,0.864459743
gene:GSBRNA2T00021057001_BnaA08g05750D,19.89601081,-1.177648344,0.568961664,-2.069820196,0.038469185,0.789017765
gene:GSBRNA2T00002245001_BnaC04g03180D,162.6790275,-1.175654422,0.217453059,-5.406474523,6.43E-08,3.61E-05
gene:GSBRNA2T00143335001_BnaA02g02020D,44.6875983,-1.173282559,0.396175764,-2.961520275,0.003061243,0.17794929
gene:GSBRNA2T00047353001_BnaC08g15170D,36.18264862,-1.172386122,0.387477968,-3.025684604,0.002480709,0.154912565
gene:GSBRNA2T00038073001_BnaCnng41750D,2525.773226,-1.165073148,0.214760559,-5.424986573,5.80E-08,3.49E-05
gene:GSBRNA2T00065733001_BnaA02g18250D,15.32051688,-1.160957497,0.568720023,-2.041351545,0.041215897,0.811244052
gene:GSBRNA2T00111518001_BnaA03g32280D,2841.557802,-1.158179605,0.23113401,-5.010857585,5.42E-07,0.000196553
gene:GSBRNA2T00037246001_BnaC04g50950D,313.9017225,-1.151886366,0.209420452,-5.500352772,3.79E-08,2.49E-05
gene:GSBRNA2T00072288001_BnaA02g27920D,83.09960912,-1.151149209,0.356493598,-3.22908803,0.001241857,0.095797157
gene:GSBRNA2T00124818001_BnaA03g18080D,29.40743352,-1.149754137,0.423084074,-2.717554752,0.006576627,0.291047205
gene:GSBRNA2T00061264001_BnaC04g12610D,142.8851504,-1.145583349,0.241290692,-4.74773122,2.06E-06,0.000591061
gene:GSBRNA2T00043681001_BnaC05g31970D,22.91854161,-1.144113127,0.473111391,-2.41827432,0.015594316,0.497957808
gene:GSBRNA2T00124484001_BnaA07g25620D,26.51411846,-1.143865898,0.418509389,-2.733190527,0.006272404,0.281399839
gene:GSBRNA2T00034269001_BnaA04g27110D,196.2844336,-1.142238914,0.21162668,-5.397423954,6.76E-08,3.74E-05
gene:GSBRNA2T00101309001_BnaC01g33950D,26.08976412,-1.137719693,0.431860801,-2.634459276,0.008427141,0.336454107
gene:GSBRNA2T00143990001_BnaC03g55560D,17.21451947,-1.137332573,0.546006089,-2.08300346,0.037250908,0.783049917
gene:GSBRNA2T00136456001_BnaA10g26520D,87.39710408,-1.13650269,0.356726503,-3.185921654,0.001442937,0.106030967
gene:GSBRNA2T00088966001_BnaA06g16790D,212.0712727,-1.136472915,0.251426172,-4.520105869,6.18E-06,0.001482313
gene:GSBRNA2T00053931001_BnaC04g08400D,44.00963991,-1.135397885,0.534150356,-2.125614768,0.033535349,0.751921037
gene:GSBRNA2T00105426001_BnaA06g08030D,148.6290725,-1.134355683,0.238520322,-4.755803073,1.98E-06,0.000578547
gene:GSBRNA2T00068114001_BnaCnng09340D,706.0087252,-1.134296514,0.215370899,-5.266712087,1.39E-07,6.46E-05
gene:GSBRNA2T00100056001_BnaC07g45440D,20.60761307,-1.132671623,0.530090608,-2.136750975,0.032618252,0.741808054
gene:GSBRNA2T00118673001_BnaA07g13320D,149.2532494,-1.129846884,0.263611576,-4.286029088,1.82E-05,0.003605755
gene:GSBRNA2T00002269001_BnaC04g02990D,27.62004218,-1.120869035,0.484549525,-2.313218726,0.020710616,0.594401667
gene:GSBRNA2T00028287001_BnaCnng35800D,16.27462165,-1.118699974,0.533464494,-2.097046733,0.035989439,0.774681754
gene:GSBRNA2T00044738001_BnaC05g37030D,37.69207334,-1.116794953,0.374128983,-2.985053294,0.002835289,0.169717615
gene:GSBRNA2T00138774001_BnaA03g22790D,190.9927458,-1.116170829,0.270252277,-4.130107024,3.63E-05,0.006080173
gene:GSBRNA2T00096994001_BnaA01g30780D,42.82859129,-1.114700558,0.376960067,-2.957078626,0.003105689,0.179274678
gene:GSBRNA2T00032266001_BnaCnng02660D,18.60101664,-1.111387043,0.552330669,-2.012176952,0.044201287,0.831897097
gene:GSBRNA2T00122030001_BnaA09g36360D,197.7226344,-1.109110424,0.299343069,-3.705148164,0.000211267,0.024782224
gene:GSBRNA2T00083240001_BnaA09g42120D,21.43289228,-1.109095164,0.482722856,-2.297581626,0.021585612,0.608845877
gene:GSBRNA2T00035184001_BnaA02g23670D,33.2535656,-1.10757482,0.377149143,-2.936702473,0.003317222,0.187781739
gene:GSBRNA2T00078781001_BnaA08g13470D,1096.123584,-1.107263075,0.215928463,-5.127916264,2.93E-07,0.000117856
gene:GSBRNA2T00043394001_BnaA04g17890D,33.10072183,-1.105864177,0.454254235,-2.434460905,0.014913991,0.4839855
gene:GSBRNA2T00146256001_BnaA07g35790D,62.62910085,-1.100750399,0.395465994,-2.783426179,0.00537881,0.253908284
gene:GSBRNA2T00062345001_BnaC06g06760D,4041.653451,-1.100227893,0.189050017,-5.819771448,5.89E-09,6.85E-06
gene:GSBRNA2T00070478001_BnaC07g15960D,410.6148471,-1.095761249,0.472140112,-2.320839136,0.020295527,0.586769054
gene:GSBRNA2T00039720001_BnaA01g34610D,1247.864698,-1.095533992,0.252831452,-4.333060556,1.47E-05,0.003008303
gene:GSBRNA2T00086377001_BnaA09g12880D,35.42675109,-1.094371283,0.396245906,-2.761848807,0.005747509,0.264851064
gene:GSBRNA2T00099637001_BnaA07g23750D,103.2965806,-1.094122674,0.26819054,-4.079646783,4.51E-05,0.007078635
gene:GSBRNA2T00029519001_BnaA05g18950D,26.23324845,-1.091157095,0.48122734,-2.267446181,0.023362983,0.633886687
gene:GSBRNA2T00131227001_BnaC01g00800D,1144.479452,-1.090818346,0.262856769,-4.149858311,3.33E-05,0.005652706
gene:GSBRNA2T00123018001_BnaC01g08820D,610.8597762,-1.088586617,0.265777214,-4.09586135,4.21E-05,0.006764544
gene:GSBRNA2T00103496001_BnaC06g35000D,892.3799854,-1.087415643,0.206075811,-5.276774776,1.31E-07,6.28E-05
gene:GSBRNA2T00057096001_BnaC08g41980D,40.10284787,-1.086570754,0.441865603,-2.459052586,0.013930421,0.46173523
gene:GSBRNA2T00113703001_BnaA03g38960D,26.11927856,-1.08624968,0.455607651,-2.384177872,0.017117327,0.526110908
gene:GSBRNA2T00088507001_BnaCnng64020D,39.91094804,-1.084220227,0.394269647,-2.749945971,0.005960509,0.270972694
gene:GSBRNA2T00042063001_BnaC09g15720D,73.60195251,-1.084149967,0.331647401,-3.268983753,0.001079345,0.086388138
gene:GSBRNA2T00076864001_BnaC02g16610D,38.05469125,-1.084091393,0.369423397,-2.934549905,0.003340318,0.18835418
gene:GSBRNA2T00097374001_BnaCnng67300D,19.55994992,-1.083517476,0.4837555,-2.239803942,0.025103654,0.658283046
gene:GSBRNA2T00136369001_BnaA10g25870D,45.42582691,-1.083075446,0.452644262,-2.392774056,0.016721535,0.517053313
gene:GSBRNA2T00093810001_BnaCnng18030D,561.0867862,-1.082499981,0.225783423,-4.794417435,1.63E-06,0.000490408
gene:GSBRNA2T00135683001_BnaA10g20060D,182.4770658,-1.082436333,0.211397746,-5.120377828,3.05E-07,0.000120892
gene:GSBRNA2T00031339001_BnaC07g33890D,125.6042132,-1.082092635,0.317439192,-3.408818638,0.000652448,0.059777609
gene:GSBRNA2T00002827001_BnaC05g03130D,20.62483085,-1.076821679,0.535546727,-2.010696032,0.044357573,0.831911894
gene:GSBRNA2T00098470001_BnaC03g72010D,2697.765011,-1.072028431,0.1853459,-5.783933891,7.30E-09,7.62E-06
gene:GSBRNA2T00002344001_BnaC03g30450D,26.7960692,-1.071632335,0.514459075,-2.083027372,0.037248729,0.783049917
gene:GSBRNA2T00142291001_BnaC05g21190D,15.45364702,-1.070727403,0.533850651,-2.005668441,0.044891634,0.834582971
gene:GSBRNA2T00150101001_BnaC03g46120D,23.36425174,-1.067733205,0.479333888,-2.227535404,0.025911512,0.668835465
gene:GSBRNA2T00007215001_BnaCnng22600D,544.5098376,-1.06728804,0.266592148,-4.003448888,6.24E-05,0.009148136
gene:GSBRNA2T00121476001_BnaA01g01320D,25.28064774,-1.06709482,0.428332094,-2.491279162,0.012728407,0.433566968
gene:GSBRNA2T00110703001_BnaCnng00020D,256.2124152,-1.054900705,0.243672876,-4.329167544,1.50E-05,0.003049772
gene:GSBRNA2T00137077001_BnaC02g22310D,20.37934563,-1.054533917,0.46950112,-2.246073272,0.024699315,0.654046836
gene:GSBRNA2T00022119001_BnaC06g24560D,228.4073579,-1.052356988,0.262986832,-4.00155772,6.29E-05,0.009195229
gene:GSBRNA2T00154081001_BnaA10g13850D,113.4952065,-1.052192908,0.23646699,-4.44963971,8.60E-06,0.001963894
gene:GSBRNA2T00154941001_BnaA03g37650D,24.19862572,-1.052141985,0.462093385,-2.27690337,0.022791997,0.628419467
gene:GSBRNA2T00079014001_BnaA10g06750D,287.768441,-1.051852501,0.291897424,-3.603500452,0.00031396,0.033931711
gene:GSBRNA2T00077055001_BnaCnng60030D,137.3027527,-1.049051852,0.270143913,-3.883307386,0.000103045,0.013905388
gene:GSBRNA2T00090188001_BnaA04g12670D,292.569288,-1.047255196,0.226406157,-4.625559699,3.74E-06,0.000969888
gene:GSBRNA2T00120095001_BnaC05g45330D,29.18881479,-1.044519402,0.41910851,-2.492240975,0.012693988,0.433160045
gene:GSBRNA2T00101541001_BnaC03g25370D,35.4767293,-1.041698603,0.414550154,-2.51284095,0.011976332,0.419820083
gene:GSBRNA2T00010434001_BnaCnng24780D,37.21132809,-1.039402571,0.508242856,-2.045090371,0.040845949,0.810013663
gene:GSBRNA2T00025291001_BnaA03g55610D,2219.305126,-1.038477434,0.159578822,-6.507614368,7.64E-11,1.76E-07
gene:GSBRNA2T00134456001_BnaC03g02770D,221.6152728,-1.035548504,0.251855793,-4.111672371,3.93E-05,0.006438955
gene:GSBRNA2T00065296001_BnaA03g59130D,592.5207609,-1.035524277,0.252494026,-4.101183281,4.11E-05,0.006631664
gene:GSBRNA2T00026981001_BnaC05g33030D,54.48889472,-1.032310897,0.365822565,-2.821889616,0.004774161,0.234327901
gene:GSBRNA2T00009522001_BnaA09g04280D,25.05377166,-1.027832902,0.512980394,-2.003649484,0.045107621,0.837063996
gene:GSBRNA2T00026689001_BnaC05g35180D,29.39896876,-1.025912615,0.419507049,-2.445519374,0.014464368,0.47362822
gene:GSBRNA2T00093534001_BnaC09g41370D,51.73987892,-1.022875546,0.367587948,-2.782668888,0.00539138,0.253908284
gene:GSBRNA2T00130857001_BnaC01g03720D,400.2875895,-1.022715439,0.215689246,-4.741615343,2.12E-06,0.000605788
gene:GSBRNA2T00006269001_BnaC01g20480D,112.1850768,-1.021965443,0.286090157,-3.57217967,0.000354022,0.037026832
gene:GSBRNA2T00043720001_BnaC05g31640D,25.8821775,-1.02058412,0.497886442,-2.049833122,0.040380718,0.804315725
gene:GSBRNA2T00021621001_BnaC09g18710D,20.11765017,-1.019795617,0.492385888,-2.071130879,0.038346567,0.788896547
gene:GSBRNA2T00125599001_BnaA05g13500D,104.1953538,-1.017735987,0.31741564,-3.206319593,0.001344446,0.101233894
gene:GSBRNA2T00103950001_BnaC09g46240D,561.5381661,-1.017600874,0.272276424,-3.737381518,0.000185947,0.022535678
gene:GSBRNA2T00111594001_BnaA03g31700D,42.35709257,-1.015954037,0.39212836,-2.5908711,0.009573334,0.363879133
gene:GSBRNA2T00047737001_BnaC05g15740D,89.06997714,-1.015474667,0.305127676,-3.328031991,0.000874618,0.073936321
gene:GSBRNA2T00131123001_BnaC01g01570D,80.71939924,-1.014148543,0.347393294,-2.919309501,0.003508077,0.195018595
gene:GSBRNA2T00079688001_BnaC05g15590D,102.8486274,-1.012848388,0.316069174,-3.204514931,0.001352903,0.101455803
gene:GSBRNA2T00143661001_BnaC06g22690D,206.4795712,-1.01276855,0.274140495,-3.694341286,0.000220458,0.025567076
gene:GSBRNA2T00148745001_BnaA03g09520D,19.35292042,-1.012220936,0.487183452,-2.077699748,0.037737022,0.785839685
gene:GSBRNA2T00079105001_BnaC03g21600D,92.78721945,-1.011619398,0.271301365,-3.728766338,0.000192419,0.023133675
gene:GSBRNA2T00103487001_BnaC06g34930D,68.32691128,-1.009027374,0.320171898,-3.151517609,0.001624244,0.115696823
gene:GSBRNA2T00019947001_BnaC01g38700D,149.7574626,-1.008065789,0.230239383,-4.378337772,1.20E-05,0.002559081
gene:GSBRNA2T00133827001_BnaC07g27690D,20.44440225,-1.00431826,0.483825215,-2.075787348,0.037913623,0.787204836
gene:GSBRNA2T00091770001_BnaCnng64850D,39.42311534,-1.000083686,0.394548267,-2.53475625,0.011252559,0.404997112
