"","baseMean","log2FoldChange","lfcSE","stat","pvalue","padj"
"gene:ENSRNA049445564_SSU_rRNA_eukarya",2.14865190892367,-3.48020842475062,1.71239200182153,-2.03236666665612,0.0421165499995215,NA
"gene:ENSRNA049454449_LSU_rRNA_eukarya",12.3194165876479,1.6293162474479,0.79524562229605,2.04882139777608,0.0404795826030721,0.805873013877586
"gene:ENSRNA049477780_SSU_rRNA_eukarya",1.96919672032115,4.42856815909272,1.82512280153515,2.42644941774206,0.0152473756379073,NA
"gene:GSBRNA2T00000314001_BnaA05g27700D",138.396425397735,1.45602461015483,0.260446697333251,5.59048982023296,2.2642996057446e-08,1.74913975368022e-05
"gene:GSBRNA2T00001243001_BnaC08g10220D",13.2594022181563,-1.32010457503016,0.606102861620439,-2.17802069355159,0.0294044961613901,0.711046596538126
"gene:GSBRNA2T00001275001_BnaC08g10340D",68.6359581881436,-1.44703822851661,0.349486528470454,-4.14046926171847,3.46596053287536e-05,0.00583102254912425
"gene:GSBRNA2T00001386001_BnaA02g05810D",19.7302976792416,1.31619051624657,0.529166970090811,2.48728773834976,0.0128721241649392,0.435692864521277
"gene:GSBRNA2T00001470001_BnaA02g06450D",17.7884239888797,1.10789008571769,0.506717666890584,2.18640508928006,0.0287859816085393,0.702735199707462
"gene:GSBRNA2T00001765001_BnaC01g27000D",9.13260350037488,-1.82982538275419,0.781141380080901,-2.34250217619335,0.0191549222717895,NA
"gene:GSBRNA2T00001934001_BnaA06g35280D",58.5943242656901,1.13937694771506,0.333880690231789,3.41252723218007,0.000643634958095458,0.0594188922325526
"gene:GSBRNA2T00002189001_BnaC04g03640D",44.8117029071941,2.03389735866147,0.393534915777769,5.16827675796375,2.36262274294381e-07,9.98627913761308e-05
"gene:GSBRNA2T00002245001_BnaC04g03180D",162.679027516604,-1.17565442193719,0.217453058717515,-5.40647452314956,6.42773653289729e-08,3.61252920042306e-05
"gene:GSBRNA2T00002269001_BnaC04g02990D",27.6200421798736,-1.12086903539759,0.484549525180344,-2.31321872615687,0.0207106164994098,0.59440166680461
"gene:GSBRNA2T00002334001_BnaC03g30370D",15.2040868201469,-2.11216554027012,0.628687147113228,-3.35964485669645,0.000780427255065282,0.0669700864648638
"gene:GSBRNA2T00002344001_BnaC03g30450D",26.7960691953567,-1.07163233528404,0.51445907519821,-2.0830273717519,0.0372487286631721,0.783049916958843
"gene:GSBRNA2T00002663001_BnaC05g01640D",26.1566649974397,-1.32866823139296,0.611166020988596,-2.17398904023453,0.0297059582934262,0.712564003766097
"gene:GSBRNA2T00002827001_BnaC05g03130D",20.6248308457065,-1.07682167922766,0.535546727114612,-2.01069603212645,0.0443575734065308,0.831911893767367
"gene:GSBRNA2T00002925001_BnaC09g30870D",1.65507076605405,-4.17586613577912,2.09537099496778,-1.99290061082636,0.0462723314370634,NA
"gene:GSBRNA2T00003370001_BnaA04g27070D",81.3546694980759,1.52995548296076,0.287684130962792,5.31817823193953,1.04811373638122e-07,5.35987795030025e-05
"gene:GSBRNA2T00003455001_BnaAnng33740D",102.378525760101,1.07071106648404,0.229146551993773,4.67260387366919,2.97405020512827e-06,0.000791343220264219
"gene:GSBRNA2T00003508001_BnaC09g35920D",75.7944067783474,1.16405241093759,0.329956617288498,3.52789533516098,0.000418877747461324,0.0421714242444133
"gene:GSBRNA2T00003557001_BnaC03g77410D",31.2989157892235,1.09514969565569,0.423700505633077,2.5847259587745,0.00974564227377073,0.368934958141917
"gene:GSBRNA2T00005388001_BnaA04g21880D",58.5986855546963,-2.25278410748864,0.352105709676811,-6.39803344727471,1.5739081617036e-10,3.21983836088676e-07
"gene:GSBRNA2T00005552001_BnaA01g26690D",268.04131823943,1.16983456517371,0.196776123209075,5.94500260547751,2.7645245855241e-09,3.8213201460012e-06
"gene:GSBRNA2T00005572001_BnaA01g26520D",3.32558642245085,-2.50503807449777,1.27585721302221,-1.96341569333133,0.0495978917872149,NA
"gene:GSBRNA2T00006269001_BnaC01g20480D",112.185076811695,-1.02196544329008,0.286090157224251,-3.5721796695334,0.000354022385074646,0.0370268320291569
"gene:GSBRNA2T00006295001_BnaC01g20320D",18.1946674940826,2.25202051499458,0.657871742498918,3.42319082810931,0.00061890612111071,0.0576563472824884
"gene:GSBRNA2T00006420001_BnaA04g18770D",23.3414399693638,-2.46550991404235,0.649133316209492,-3.79815648415535,0.000145776283970352,0.0184544115529201
"gene:GSBRNA2T00006529001_BnaC05g14270D",763.776975645348,-1.22977591212966,0.198182611289012,-6.20526646677524,5.46043017032342e-10,9.00865292358133e-07
"gene:GSBRNA2T00006679001_BnaA03g57690D",38.8354388788598,-1.33720157638919,0.511536579827152,-2.61408788564257,0.0089466019887552,0.348488204198702
"gene:GSBRNA2T00006721001_BnaA09g16180D",15.1411193760586,-1.59243334064953,0.651953722205513,-2.44255579255294,0.0145836752291326,0.475377620088438
"gene:GSBRNA2T00006933001_BnaCnng69490D",6.64178975581406,-2.01095653678436,0.868205501077004,-2.31622183260735,0.0205461597170499,NA
"gene:GSBRNA2T00007215001_BnaCnng22600D",544.50983758361,-1.06728803958564,0.266592148267492,-4.00344888820489,6.24256928737619e-05,0.0091481364937985
"gene:GSBRNA2T00007425001_BnaCnng23040D",6.81896730961594,-1.83311772613436,0.841559783039665,-2.17823827026672,0.0293883022369661,NA
"gene:GSBRNA2T00007444001_BnaAnng11580D",405.9130103933,1.23148887002409,0.246613042884699,4.99360802502186,5.92616137727706e-07,0.000209025929296178
"gene:GSBRNA2T00007777001_BnaCnng70010D",23.5096758923142,-1.2158334827387,0.474605469113966,-2.56177722732213,0.0104138092174043,0.385107634573336
"gene:GSBRNA2T00007964001_BnaAnng35360D",1.60723140405252,4.14076975857571,1.94408817505673,2.12992898763703,0.0331774765246095,NA
"gene:GSBRNA2T00008244001_BnaA06g01540D",65.0565245976724,-1.21848806012678,0.437831359862089,-2.78300773272747,0.0053857522499653,0.253908283626155
"gene:GSBRNA2T00008407001_BnaAnng35550D",4.81966518964554,-2.25844093844431,1.07458872129944,-2.10167936223386,0.0355813726035762,NA
"gene:GSBRNA2T00008869001_BnaC05g08500D",9.73925125740492,1.67729094522512,0.700513558788986,2.39437327683528,0.016648795462915,NA
"gene:GSBRNA2T00009490001_BnaA09g04020D",4.93122570265712,-2.72175015977247,1.11709655132463,-2.43645023927885,0.0148322100262038,NA
"gene:GSBRNA2T00009522001_BnaA09g04280D",25.0537716564629,-1.02783290181454,0.512980393986375,-2.0036494841981,0.0451076210981258,0.837063995781041
"gene:GSBRNA2T00009873001_BnaA09g02150D",39.856105166266,-2.17559859279967,0.398309103785131,-5.4620860334975,4.70571911502867e-08,3.00836623023783e-05
"gene:GSBRNA2T00010297001_BnaCnng24710D",18.5819753139269,1.26131604857106,0.599054737609255,2.10551051412229,0.0352468930671116,0.771029554758066
"gene:GSBRNA2T00010434001_BnaCnng24780D",37.2113280896224,-1.03940257116621,0.508242856124024,-2.04509037095559,0.0408459494198449,0.810013663097536
"gene:GSBRNA2T00010708001_BnaA02g07040D",16.9090034878799,-1.93617382297245,0.596125336657884,-3.24793076876653,0.00116247551677552,0.090907718394445
"gene:GSBRNA2T00010930001_BnaC04g55740D",6.79134141307342,1.62747814360912,0.827063261488374,1.96777951505225,0.0490934121672033,NA
"gene:GSBRNA2T00010952001_BnaAnng35930D",25.0243625437143,-1.306077906774,0.44674357003437,-2.92355166225116,0.00346062793128905,0.192915242781857
"gene:GSBRNA2T00011092001_BnaC03g71460D",284.994465508254,-1.24242551994148,0.227571070844383,-5.4595055308725,4.77462463539268e-08,3.01473336237683e-05
"gene:GSBRNA2T00011138001_BnaC04g52880D",21.9678365297062,1.25278586790842,0.491910139502991,2.54677789153561,0.0108722608085199,0.395340426432196
"gene:GSBRNA2T00011506001_BnaAnng12900D",18.7955111005258,1.55439017639508,0.646241672581492,2.40527691472739,0.0161602152103817,0.505194405085429
"gene:GSBRNA2T00012073001_BnaA07g36360D",9.80029448206595,-3.4690963950907,1.00055043864586,-3.46718792086659,0.000525934062244616,NA
"gene:GSBRNA2T00012256001_BnaC04g36370D",57.7574044834132,-1.26609049308862,0.32321547478118,-3.91717164515647,8.95939577735062e-05,0.0123326041750175
"gene:GSBRNA2T00012796001_BnaC08g14380D",21.0893937629541,1.41356569545316,0.700589256055645,2.01768109235875,0.0436244852413194,0.826957254700534
"gene:GSBRNA2T00013863001_BnaAnng36860D",50.6872138745436,-1.87004185723775,0.441658953559407,-4.2341309785905,2.29437199164197e-05,0.00434605041261249
"gene:GSBRNA2T00015405001_BnaA01g34290D",1.98433939878696,-4.43778382675913,1.99895871168022,-2.2200477682848,0.0264155252023546,NA
"gene:GSBRNA2T00015636001_BnaC03g29870D",13.2840341444467,1.39786270645831,0.664976240763984,2.10212428770737,0.0355423898306957,0.771709903585018
"gene:GSBRNA2T00016155001_BnaA09g44200D",17.2924705351594,1.1751594937967,0.584594771305829,2.0102121186813,0.0444087433306941,0.832259642708019
"gene:GSBRNA2T00016665001_BnaC08g49670D",17.3909076663922,1.19562919055009,0.541292872889231,2.2088397066236,0.0271857921473113,0.682761713844781
"gene:GSBRNA2T00016668001_BnaC08g49690D",3.01297550207762,4.00698373905123,1.75405738566201,2.28440857853629,0.0223475298795736,NA
"gene:GSBRNA2T00016830001_BnaA04g29180D",1.49768879407713,-4.03053737507606,1.9496577901626,-2.06730503958847,0.038705419688385,NA
"gene:GSBRNA2T00017361001_BnaCnng29140D",79.2215860985003,1.0990025559413,0.26307478617558,4.17752902860028,2.94693063528372e-05,0.00517930654333164
"gene:GSBRNA2T00017512001_BnaAnng14020D",6.97885180042313,-1.68420956607222,0.847077851289407,-1.98825829704854,0.0467831304573721,NA
"gene:GSBRNA2T00017589001_BnaAnng38110D",6.14555921210302,-2.72986476689087,1.24403752689054,-2.19435885805963,0.0282096211746148,NA
"gene:GSBRNA2T00018052001_BnaCnng73900D",1.65805545404363,-4.17813905369529,2.11173370190097,-1.97853500653711,0.0478683834758097,NA
"gene:GSBRNA2T00018263001_BnaC09g00410D",26.9879777114209,-1.21120298749583,0.457076420262626,-2.64989164569001,0.00805175894204267,0.325731198531902
"gene:GSBRNA2T00018602001_BnaC01g39120D",11.6768879793991,-1.4069662475508,0.637912740663854,-2.20557790723324,0.0274135673722983,NA
"gene:GSBRNA2T00018923001_BnaC03g61370D",7.38644336342612,1.97283363790516,0.905071142474212,2.17975532013095,0.0292756034858923,NA
"gene:GSBRNA2T00019000001_BnaC03g61660D",2.72209386107979,3.8515253831423,1.68315231700173,2.28828095011817,0.0221211651585935,NA
"gene:GSBRNA2T00019002001_BnaC03g61670D",6.21346990701913,2.7071762240834,0.993409394922672,2.72513652268623,0.00642749036925884,NA
"gene:GSBRNA2T00019264001_BnaC08g42370D",6.54048950374092,-2.42978983555633,1.03660596738721,-2.34398596187969,0.0190788894834429,NA
"gene:GSBRNA2T00019483001_BnaAnng14250D",1.64941545345151,-4.17184310106491,1.94627434871625,-2.14350207298197,0.0320728048086454,NA
"gene:GSBRNA2T00019756001_BnaC01g41550D",10.8298669919196,2.15546000019735,0.695943757302126,3.09717556567091,0.00195374125835866,NA
"gene:GSBRNA2T00019946001_BnaC01g38690D",27.5378217485054,-2.09970076533786,0.495808151247244,-4.23490569902068,2.28647636746048e-05,0.00434605041261249
"gene:GSBRNA2T00019947001_BnaC01g38700D",149.757462630632,-1.00806578861747,0.230239383309557,-4.37833777230948,1.19587908963242e-05,0.0025590811782494
"gene:GSBRNA2T00019961001_BnaCnng31110D",10.4885024190632,1.43048300411309,0.717805802105123,1.99285517046237,0.0462773084419848,NA
"gene:GSBRNA2T00020948001_BnaA05g36230D",216.44032226682,1.58822853946958,0.221522809413356,7.16959370312959,7.52206693940314e-13,4.80885739436043e-09
"gene:GSBRNA2T00021034001_BnaA08g05600D",21.1898087214847,-2.18992055836519,0.728515416133824,-3.0060044164706,0.00264705153081866,0.162297646178828
"gene:GSBRNA2T00021057001_BnaA08g05750D",19.8960108065976,-1.17764834352026,0.568961664270802,-2.06982019611034,0.038469185372688,0.789017764727573
"gene:GSBRNA2T00021148001_BnaA06g02710D",13.8994619057116,-1.27137760455811,0.626144398651162,-2.03048627009505,0.0423071353884754,0.815414732663406
"gene:GSBRNA2T00021328001_BnaA01g18790D",3.78846823522059,-2.75973512063273,1.33988096583344,-2.05968678636771,0.0394284934371824,NA
"gene:GSBRNA2T00021621001_BnaC09g18710D",20.1176501729727,-1.01979561683156,0.492385887890694,-2.07113087907577,0.038346566857313,0.78889654680226
"gene:GSBRNA2T00021737001_BnaA04g05610D",12.3692445338814,-1.3106454970578,0.642688007195293,-2.03931842882442,0.0414182575509989,0.812101427608044
"gene:GSBRNA2T00022034001_BnaC04g49530D",8.12610898974312,1.62904253264375,0.818639411962022,1.98993904867033,0.0465976501723055,NA
"gene:GSBRNA2T00022119001_BnaC06g24560D",228.407357872801,-1.05235698830512,0.26298683209605,-4.00155772027691,6.29268399798567e-05,0.0091952294397994
"gene:GSBRNA2T00023557001_BnaCnng75900D",14.2804791662379,2.93279904233476,0.74626837816542,3.929952183616,8.49627558765412e-05,0.0118079760504071
"gene:GSBRNA2T00023649001_BnaA03g58530D",351.413620040037,1.29985229185424,0.21398750723702,6.07443073961546,1.24428324293528e-09,1.81821777647663e-06
"gene:GSBRNA2T00024123001_BnaC04g43480D",7.57610004457997,1.64867201338887,0.836869820930839,1.97004596432342,0.0488331029391666,NA
"gene:GSBRNA2T00024488001_BnaC03g17150D",51.6696244903213,-1.65218144455149,0.433937794298134,-3.80741540898456,0.000140426749919211,0.0179786548550003
"gene:GSBRNA2T00024496001_BnaC03g17080D",7.2560885282913,-2.94673362738625,1.03275832493389,-2.85326543126619,0.0043272461092479,NA
"gene:GSBRNA2T00024819001_BnaC04g53000D",51.6781247733811,-1.46830603221567,0.402394369013399,-3.64892291066523,0.000263342105757349,0.0294069184647464
"gene:GSBRNA2T00025057001_BnaAnng39980D",17.3737800028345,1.37545411858089,0.549637972314408,2.50247287826412,0.012332907450997,0.42655331114852
"gene:GSBRNA2T00025129001_BnaCnng33760D",31.9385927942524,-8.44560156279016,2.6041761576303,-3.24309918053905,0.00118237044255034,0.0919014497170128
"gene:GSBRNA2T00025291001_BnaA03g55610D",2219.30512618978,-1.03847743401709,0.159578821865889,-6.50761436808851,7.63536179168638e-11,1.75672017913979e-07
"gene:GSBRNA2T00025851001_BnaA06g39970D",14.596940611261,-1.6108283733201,0.754721583408438,-2.13433457944234,0.0328154025930693,0.742944201071242
"gene:GSBRNA2T00025964001_BnaCnng76690D",67.1962737108971,-1.89681461070757,0.444595103220291,-4.26638664476636,1.98664362171926e-05,0.00383414722223434
"gene:GSBRNA2T00026332001_BnaC01g38080D",10.9851479405859,-1.52727025405344,0.656925741707229,-2.32487503090433,0.0200786434739448,NA
"gene:GSBRNA2T00026353001_BnaC01g38180D",16.9165743730582,1.62477481787869,0.578576721352246,2.80822708193526,0.00498150863251466,0.241035267267105
"gene:GSBRNA2T00026689001_BnaC05g35180D",29.398968763098,-1.02591261492355,0.41950704867517,-2.44551937366355,0.0144643677207342,0.473628220330119
"gene:GSBRNA2T00026981001_BnaC05g33030D",54.4888947165404,-1.03231089679144,0.365822564773141,-2.82188961588963,0.00477416066858456,0.234327901376285
"gene:GSBRNA2T00027013001_BnaA05g30370D",33.624777730343,1.57103751340955,0.465307662843091,3.3763413733836,0.000734567159077087,0.0640958649016469
"gene:GSBRNA2T00027303001_BnaA08g14800D",11.6325519881635,-1.48230761641369,0.703265550835248,-2.10774950465467,0.0350526627308082,NA
"gene:GSBRNA2T00027437001_BnaAnng40590D",2.67510547676363,-3.80419793734609,1.84212305293725,-2.06511607966705,0.0389120183441002,NA
"gene:GSBRNA2T00027803001_BnaC09g52550D",372.283173054797,-1.18581693373214,0.203065490559526,-5.83957880024195,5.23329595530003e-09,6.37265924613964e-06
"gene:GSBRNA2T00027807001_BnaC09g52570D",81.7639753279333,-2.35598895804503,0.362873926678242,-6.49258264326625,8.43772041414649e-11,1.79807822025462e-07
"gene:GSBRNA2T00027986001_BnaA02g37030D",4.29615683519602,2.44474500415752,1.1634191464006,2.10134499825029,0.0356106923759122,NA
"gene:GSBRNA2T00028217001_BnaA05g26290D",17.0801754990588,1.55154343175917,0.635097451018517,2.44300056514309,0.0145657144724966,0.475094962360566
"gene:GSBRNA2T00028287001_BnaCnng35800D",16.2746216535908,-1.11869997383809,0.533464493688703,-2.09704673333123,0.0359894385825635,0.774681753731746
"gene:GSBRNA2T00028513001_BnaCnng36050D",6.05260104821834,3.0229520723376,1.337384891525,2.2603456129152,0.0237998091393933,NA
"gene:GSBRNA2T00029326001_BnaA02g21860D",2.31559898562777,-3.59624200372924,1.6868153203801,-2.13197139027577,0.0330091985762529,NA
"gene:GSBRNA2T00029519001_BnaA05g18950D",26.2332484493131,-1.0911570954607,0.481227340443141,-2.26744618137428,0.0233629830630123,0.633886687413635
"gene:GSBRNA2T00029904001_BnaA10g27780D",85.9256284080993,1.26836368175613,0.298956125991289,4.2426415499948,2.20904120341694e-05,0.00421564191446104
"gene:GSBRNA2T00030013001_BnaA05g34760D",16.9569584865485,-1.89873740882411,0.669994562987423,-2.83395942850323,0.0045975168542132,0.230299120462174
"gene:GSBRNA2T00030025001_BnaAnng17160D",29.0365365909846,1.40915926333348,0.455715827439515,3.09218854927857,0.00198686605382045,0.132431167685377
"gene:GSBRNA2T00030678001_BnaAnng41480D",12.7522103679009,1.8250052638212,0.727566249071899,2.5083698785495,0.0121289630879875,0.423140305710799
"gene:GSBRNA2T00030723001_BnaC06g43650D",14.2162228821176,-1.28989262521342,0.609938227934734,-2.11479222999521,0.0344476594071792,0.762585724989682
"gene:GSBRNA2T00031316001_BnaC07g33970D",1.97052870138637,4.42948607487864,1.8004156585281,2.46025747104416,0.0138837373716878,NA
"gene:GSBRNA2T00031339001_BnaC07g33890D",125.604213167904,-1.08209263458279,0.317439192166065,-3.40881863767064,0.000652448400055371,0.0597776090891438
"gene:GSBRNA2T00031445001_BnaC07g33110D",19.0383381574909,1.11949153657981,0.540968858761269,2.06941955798208,0.0385067327694358,0.789017764727573
"gene:GSBRNA2T00031453001_BnaC07g33070D",22.9562076298263,1.19280237783117,0.471799579767664,2.52819720275834,0.011464993449815,0.410045891606532
"gene:GSBRNA2T00031464001_BnaC07g32960D",5.09392093522188,2.35812135988111,1.15128993358312,2.04824283709491,0.0405362109794481,NA
"gene:GSBRNA2T00031730001_BnaC08g44930D",6.32805012887675,-1.90337746755191,0.902596227436478,-2.10878065927421,0.0349635187864754,NA
"gene:GSBRNA2T00032264001_BnaCnng02640D",33.9121085976808,1.23051027590082,0.383097038603928,3.21200675522059,0.00131811275904262,0.0997241996279224
"gene:GSBRNA2T00032266001_BnaCnng02660D",18.601016642915,-1.11138704250011,0.552330669106841,-2.01217695243558,0.0442012871117176,0.83189709713048
"gene:GSBRNA2T00033023001_BnaC03g69930D",20.533567133801,-1.5536224417837,0.548423722028179,-2.83288701669961,0.00461296873636418,0.230847038211947
"gene:GSBRNA2T00033413001_BnaC09g32980D",139.193168729363,1.37223799654156,0.265620638151597,5.16615729143148,2.38955723343716e-07,0.000100173373071238
"gene:GSBRNA2T00033707001_BnaAnng41580D",27.853623678917,-1.25791947387944,0.445555634432284,-2.8232601647654,0.00475379783686075,0.234002152616368
"gene:GSBRNA2T00034269001_BnaA04g27110D",196.284433630399,-1.14223891364727,0.211626680323629,-5.39742395382526,6.76045126046094e-08,3.73501580741197e-05
"gene:GSBRNA2T00034695001_BnaC06g11170D",207.49026034155,-1.32045929204582,0.272220966782375,-4.85068915761162,1.23033234614053e-06,0.000390833028018704
"gene:GSBRNA2T00034857001_BnaA06g12230D",9.51533959887957,1.61714182992018,0.797228363882014,2.02845496119291,0.0425138355684311,NA
"gene:GSBRNA2T00034920001_BnaA06g11680D",1.49999638331943,4.03216781735926,1.99210490951034,2.02407403250181,0.0429625349955477,NA
"gene:GSBRNA2T00035029001_BnaA09g26740D",5.76151814559853,4.04010334672559,1.62138157711698,2.49176591355466,0.0127109779687152,NA
"gene:GSBRNA2T00035030001_BnaA03g60000D",382.242472775653,-1.65042673673114,0.295608943396434,-5.58314209904602,2.36211591198618e-08,1.76329110755928e-05
"gene:GSBRNA2T00035161001_BnaA02g23800D",37.3643113252636,1.12206093293953,0.375734404296615,2.98631405617502,0.00282362497272396,0.169443914380031
"gene:GSBRNA2T00035184001_BnaA02g23670D",33.2535656038313,-1.10757481987538,0.377149142633746,-2.93670247303456,0.00331722194333081,0.187781738547952
"gene:GSBRNA2T00035500001_BnaA09g46530D",6.03639025592457,-4.09014771350859,1.46708420568122,-2.78794338979977,0.0053043812010797,NA
"gene:GSBRNA2T00035668001_BnaA06g12720D",211.353299078723,-1.40189318591077,0.241892949595132,-5.79551073422017,6.81135710379369e-09,7.40751278089163e-06
"gene:GSBRNA2T00035883001_BnaC03g76860D",12.5909107662892,-1.6164634325602,0.797098436780055,-2.02793451595519,0.0425669318237959,0.816901749041732
"gene:GSBRNA2T00036504001_BnaA02g18690D",13.2442311813166,1.39852939448773,0.67271921487116,2.07891994694336,0.0376247090002113,0.785180869875155
"gene:GSBRNA2T00036803001_BnaC06g12270D",98.6086448758502,1.01839901926838,0.25901639573582,3.93179364717545,8.43144251303545e-05,0.0117772600103813
"gene:GSBRNA2T00037246001_BnaC04g50950D",313.901722483429,-1.15188636585755,0.209420452396787,-5.50035277201617,3.79032132016054e-08,2.48528453331142e-05
"gene:GSBRNA2T00037399001_BnaC03g64670D",37.3609415723128,1.41199094425741,0.520007030282929,2.71533048983811,0.00662096612198053,0.291664678158977
"gene:GSBRNA2T00037405001_BnaC03g64710D",1.67964706038853,4.19317162537006,1.87712191116658,2.23383020592633,0.0254942472512476,NA
"gene:GSBRNA2T00037477001_BnaCnng40740D",1.48915348127722,-4.02372266879509,1.95153975969881,-2.06181946783195,0.0392249269016101,NA
"gene:GSBRNA2T00037727001_BnaAnng18400D",2.66934547636888,-3.80136465828865,1.66040438706546,-2.28942099159774,0.022054903633075,NA
"gene:GSBRNA2T00037909001_BnaAnng18600D",54.9122812595003,1.00515597734576,0.323326289325549,3.10879755383484,0.00187850385242679,0.127928363553283
"gene:GSBRNA2T00037933001_BnaA09g53290D",4.83869071130769,-2.26323939437663,1.14235240951522,-1.98120945474005,0.0475677893752692,NA
"gene:GSBRNA2T00038073001_BnaCnng41750D",2525.77322588635,-1.16507314766792,0.214760558765896,-5.42498657278095,5.79588967903365e-08,3.48735272640585e-05
"gene:GSBRNA2T00038350001_BnaA09g28020D",11.9925730495351,1.29684013724583,0.631332730428913,2.05413100690153,0.0399630137366973,NA
"gene:GSBRNA2T00038453001_BnaUnng00260D",74.2651340324509,1.20844151508796,0.310143058278494,3.89640033149746,9.76329587368913e-05,0.0132449337974524
"gene:GSBRNA2T00038745001_BnaA07g04760D",139.044131442057,1.02908054158162,0.219767765243132,4.68258181741591,2.83284058741457e-06,0.000770653186184739
"gene:GSBRNA2T00039720001_BnaA01g34610D",1247.86469761865,-1.09553399207921,0.252831452013974,-4.33306055616318,1.47050640564578e-05,0.00300830318441392
"gene:GSBRNA2T00039752001_BnaC07g51280D",1628.66441448038,-1.39293231872956,0.204435658593398,-6.81354871412115,9.52200940234243e-12,3.47852606338144e-08
"gene:GSBRNA2T00039753001_BnaC07g51290D",552.705356531391,-1.23006828594155,0.175640999798671,-7.00330951971076,2.4998571076633e-12,1.27852691914332e-08
"gene:GSBRNA2T00041195001_BnaC02g47920D",9.189603973838,-2.55708770034481,0.956540210230002,-2.67326733680119,0.00751163621630363,NA
"gene:GSBRNA2T00041323001_BnaCnng05780D",7.66266315315889,3.04558036613688,1.05428917035223,2.88875239524595,0.00386773494564526,NA
"gene:GSBRNA2T00041570001_BnaC06g26730D",28.1618264194082,-3.12042914402807,0.712893390131863,-4.3771329447323,1.20250632841075e-05,0.00256254098584331
"gene:GSBRNA2T00042063001_BnaC09g15720D",73.6019525124315,-1.084149966932,0.331647401427695,-3.26898375281968,0.00107934499025228,0.0863881379991588
"gene:GSBRNA2T00042260001_BnaC01g19550D",485.466541136307,-1.27103027015092,0.245694462850412,-5.17321495733004,2.30100037933189e-07,9.8068636167125e-05
"gene:GSBRNA2T00042421001_BnaC08g48310D",18.0569575935237,1.27589808983916,0.580915499482162,2.19635745814411,0.0280663681000079,0.694449119548526
"gene:GSBRNA2T00042474001_BnaA03g57010D",146.990640408193,1.15227740194043,0.287708729052442,4.00501370165378,6.20138865205296e-05,0.00914016775851863
"gene:GSBRNA2T00042960001_BnaA06g14170D",27.9475448770925,1.05078341034568,0.436579742964023,2.40685333499835,0.0160906303963054,0.504251961390099
"gene:GSBRNA2T00043394001_BnaA04g17890D",33.1007218294885,-1.10586417665512,0.454254235273966,-2.43446090488987,0.0149139908609896,0.483985500377191
"gene:GSBRNA2T00043396001_BnaA04g17880D",149.046401464191,-1.25674480528811,0.302018585962381,-4.16115055066394,3.1664824441782e-05,0.00545274673821716
"gene:GSBRNA2T00043629001_BnaA01g18950D",5.11714630075335,2.3724540117892,1.02174562245255,2.3219615133701,0.020235008060558,NA
"gene:GSBRNA2T00043681001_BnaC05g31970D",22.918541609872,-1.14411312698814,0.473111390936148,-2.41827431955143,0.0155943155836905,0.497957808464323
"gene:GSBRNA2T00043720001_BnaC05g31640D",25.8821775023296,-1.02058411987415,0.497886442069368,-2.04983312185063,0.0403807182406699,0.804315724526038
"gene:GSBRNA2T00043746001_BnaCnng45420D",13.2613172950675,6.19790780567678,2.88048824357244,2.15168654810755,0.0314220503280618,0.730809159608181
"gene:GSBRNA2T00044001001_BnaAnng19960D",28.5963917268052,-2.89269467363326,0.585820766246698,-4.93784932235587,7.89888337887519e-07,0.000265776639163943
"gene:GSBRNA2T00044586001_BnaC05g09730D",2.83288792634277,-3.90394856966957,1.67964469299468,-2.32427047574515,0.020111002156692,NA
"gene:GSBRNA2T00044589001_BnaC05g09720D",4.67474380829939,-3.03569092107238,1.26671577127896,-2.39650519074799,0.0165522590388022,NA
"gene:GSBRNA2T00044738001_BnaC05g37030D",37.6920733397771,-1.11679495330682,0.374128983014931,-2.98505329447372,0.0028352892040682,0.169717615082047
"gene:GSBRNA2T00044772001_BnaA03g49880D",80.0936413543449,-1.48182315076356,0.333417502199608,-4.44434722528883,8.81591267305602e-06,0.00200391572333679
"gene:GSBRNA2T00044885001_BnaC04g31620D",14.4237171794774,-1.18172492846255,0.59761274726081,-1.97740917321301,0.0479953979157068,0.864459742901901
"gene:GSBRNA2T00044991001_BnaA09g09590D",3.50315575575428,-4.21813483011879,1.64658433234663,-2.561748431134,0.0104146726298967,NA
"gene:GSBRNA2T00045062001_BnaA04g24740D",14.9471341396258,1.36931504588588,0.619148427849288,2.21161030908601,0.0269936024928215,0.680414394230096
"gene:GSBRNA2T00046189001_BnaC07g16660D",62.2842330601865,-1.31568338218514,0.413896605620129,-3.17877306631661,0.00147899834715418,0.107751982146515
"gene:GSBRNA2T00046708001_BnaCnng47320D",542.286526394602,1.01845128732354,0.191320189318487,5.32328182901882,1.01911664553178e-07,5.26481835546238e-05
"gene:GSBRNA2T00047122001_BnaA08g26000D",7.61764846710834,-3.04788596660896,0.979145036865003,-3.11280336605452,0.00185319444052586,NA
"gene:GSBRNA2T00047245001_BnaA08g27060D",1.66556097491628,-4.18359373692677,1.89078598871194,-2.21262150338693,0.0269237512548142,NA
"gene:GSBRNA2T00047353001_BnaC08g15170D",36.1826486163649,-1.17238612185206,0.387477967896958,-3.02568460399234,0.00248070919531071,0.154912565427315
"gene:GSBRNA2T00047517001_BnaA02g34070D",282.761675061882,1.02811630157209,0.225202377308457,4.56529950464906,4.98781706296717e-06,0.00123235225057195
"gene:GSBRNA2T00047737001_BnaC05g15740D",89.0699771400363,-1.01547466659013,0.305127675836556,-3.32803199121826,0.000874618222665217,0.0739363212892394
"gene:GSBRNA2T00047789001_BnaC05g16070D",7.92377965784437,-2.33894860561816,0.847046943106733,-2.76129749909674,0.00575722068146308,NA
"gene:GSBRNA2T00047880001_BnaA10g13110D",77.0532292457141,1.04990533945005,0.371853948078636,2.8234346976142,0.0047512103779805,0.234002152616368
"gene:GSBRNA2T00047951001_BnaC09g54770D",1.80402211302325,-4.30173024173931,2.09522216291142,-2.05311413647985,0.0400615092432238,NA
"gene:GSBRNA2T00048027001_BnaA02g06840D",48.4884483118188,1.30567206389961,0.350739874663239,3.72262225717349,0.000197164386533126,0.0235053039273897
"gene:GSBRNA2T00048186001_BnaA03g56430D",34.2104759614396,1.56561504617295,0.470592380358729,3.32690266888617,0.000878170407256334,0.0741141044698316
"gene:GSBRNA2T00048237001_BnaCnng48700D",19.9391464305327,1.22855650627407,0.478942089893336,2.56514625087071,0.0103132324318175,0.383050079515522
"gene:GSBRNA2T00048629001_BnaA05g11460D",3.83759385222226,2.7419936561777,1.26579860777997,2.16621636279626,0.0302946573349025,NA
"gene:GSBRNA2T00048742001_BnaC01g14690D",53.1527900053916,1.56074471912719,0.340195798556383,4.58778364033357,4.47976553636377e-06,0.00111762501752092
"gene:GSBRNA2T00048766001_BnaC01g14860D",57.8995518310307,1.32060464091603,0.31989542979347,4.12823853647623,3.65552792304987e-05,0.00608984756014535
"gene:GSBRNA2T00048803001_BnaC01g15140D",44.4039804547542,-1.23016380123443,0.40760430191864,-3.01803439130525,0.00254420029880962,0.157889341946479
"gene:GSBRNA2T00049245001_BnaA03g00600D",43.6012068698595,1.14796590619079,0.388561492315619,2.95439957096502,0.003132780994866,0.180634668772747
"gene:GSBRNA2T00049544001_BnaA09g40390D",18.6377087335068,-1.29665138501982,0.553049872562547,-2.34454693753351,0.0190502125347261,0.56678538096337
"gene:GSBRNA2T00049803001_BnaC06g30810D",4.45491237902354,2.97706674827473,1.29784681877072,2.29385063415613,0.0217990798277436,NA
"gene:GSBRNA2T00049921001_BnaC06g13270D",17.8779217080244,1.58900596916646,0.699472965173077,2.27171892022057,0.0231034926795199,0.632027267999982
"gene:GSBRNA2T00049963001_BnaC03g58330D",19.6600041223425,-1.24759131170377,0.516740021806371,-2.41435007751588,0.0157633086913894,0.498885309227982
"gene:GSBRNA2T00050135001_BnaA03g54400D",619.272633213347,-1.29139616548336,0.238362943078539,-5.41777236345777,6.03461793187499e-08,3.5270766137318e-05
"gene:GSBRNA2T00050209001_BnaA06g20370D",32.8220179356569,-1.75405510155645,0.467668886188231,-3.75063459075288,0.000176387594561118,0.0215302318287204
"gene:GSBRNA2T00050352001_BnaA04g16560D",51.7820593219087,1.56558816854666,0.335720374670977,4.66336953805981,3.11073421948334e-06,0.000820079334645648
"gene:GSBRNA2T00050372001_BnaA04g16680D",5.1416551984146,-2.05625417722366,0.984468088482826,-2.08869561266589,0.0367351320516221,NA
"gene:GSBRNA2T00050411001_BnaA04g16960D",2.13758466224201,4.5460289198001,1.9920504613289,2.28208522226262,0.0224843092892517,NA
"gene:GSBRNA2T00050980001_BnaC09g53210D",19.2616201963092,1.09471077355593,0.499084747019099,2.19343664596914,0.0282759344652728,0.696694882259005
"gene:GSBRNA2T00051465001_BnaC04g44570D",29.7003350714834,1.36487620281452,0.418706178987981,3.25974698083855,0.0011151164406504,0.0881476278834994
"gene:GSBRNA2T00051702001_BnaA01g17300D",15.9466230899674,1.20954661371144,0.533283616114867,2.26811133355897,0.0233224217658151,0.633753323800768
"gene:GSBRNA2T00051875001_BnaC01g36700D",8.59977491594958,-2.0864132283247,0.947341465668844,-2.20238773867208,0.0276379312473514,NA
"gene:GSBRNA2T00052752001_BnaA02g07640D",8.51897570030201,-1.85156774070485,0.917488392864402,-2.01808301348015,0.0435826164575335,NA
"gene:GSBRNA2T00052776001_BnaA02g07870D",8.10010616666696,1.95672728220291,0.772756001090569,2.53214116673495,0.0113368339374308,NA
"gene:GSBRNA2T00053384001_BnaA01g35490D",50.2104550482357,-1.30224945685209,0.441872377522919,-2.94711668593618,0.00320752143189337,0.184113890137772
"gene:GSBRNA2T00053874001_BnaC04g08800D",8.83423814716775,-1.93200076830242,0.943575226426127,-2.04753231559506,0.0406058472917045,NA
"gene:GSBRNA2T00053931001_BnaC04g08400D",44.0096399091724,-1.13539788472394,0.534150355819952,-2.12561476811344,0.0335353489297925,0.751921037117627
"gene:GSBRNA2T00054421001_BnaCnng51060D",23.1573809147045,1.31046627369361,0.494574191354002,2.64968592498918,0.00805666287624855,0.325731198531902
"gene:GSBRNA2T00054452001_BnaAnng22310D",18.1663002362233,1.1462211900937,0.552446090522369,2.07481093586865,0.0380040606503028,0.787233567395337
"gene:GSBRNA2T00054481001_BnaCnng51180D",94.9835605449698,-1.35637905355505,0.410113366493992,-3.30732710604038,0.000941908350728928,0.0774291137432071
"gene:GSBRNA2T00054639001_BnaC09g53530D",81.5158131793204,1.18208914032262,0.263086217722286,4.49316254783988,7.01731802522237e-06,0.00165388807871877
"gene:GSBRNA2T00055196001_BnaA09g45840D",75.37632043062,1.13302378162624,0.281695075534947,4.0221639639053,5.76658912164544e-05,0.00862357994261504
"gene:GSBRNA2T00055202001_BnaA09g45890D",16.8924947418782,1.11409951109597,0.562855274805773,1.97937118290385,0.047774230523456,0.863685134638259
"gene:GSBRNA2T00055230001_BnaA09g46110D",1.70556158725416,4.21195734396636,1.92598964486506,2.18690549826994,0.0287494234731557,NA
"gene:GSBRNA2T00055421001_BnaA02g30740D",65.8850461195569,1.05959633461641,0.396255596014774,2.67402238674481,0.00749474482220141,0.315258514281005
"gene:GSBRNA2T00055921001_BnaC03g27680D",157.597697308274,1.14392447922552,0.229599889369465,4.98225187462855,6.28485532026625e-07,0.000218661660203876
"gene:GSBRNA2T00056787001_BnaA06g37500D",28.8377238009573,-1.77223400384079,0.450808739747152,-3.93123257733377,8.4511466131119e-05,0.0117772600103813
"gene:GSBRNA2T00057096001_BnaC08g41980D",40.102847874518,-1.08657075385724,0.441865603114892,-2.45905258566759,0.0139304211731986,0.461735230383714
"gene:GSBRNA2T00057315001_BnaA09g41390D",1.99910719038243,4.44662690779904,1.80824610913164,2.45908280147463,0.0139292487568363,NA
"gene:GSBRNA2T00057365001_BnaA09g41790D",7.05302523975331,-2.82964518854751,1.0413310356583,-2.71733492199116,0.00658099752322406,NA
"gene:GSBRNA2T00057616001_BnaA01g27190D",26.7327663104635,1.36767623713481,0.447689541083087,3.05496580024188,0.002250861873588,0.144258245191459
"gene:GSBRNA2T00058123001_BnaA01g08170D",18.0074605345224,2.06438766604023,0.711404819556827,2.90184661291197,0.00370970132606083,0.199925147123346
"gene:GSBRNA2T00058299001_BnaA04g15170D",18.7497893878346,1.27627617513935,0.536552681109633,2.37865958008059,0.0173757141607494,0.531639696057014
"gene:GSBRNA2T00058613001_BnaA05g16340D",16.2240295131298,1.18483256067953,0.559548218448947,2.11748071321513,0.0342190704677172,0.760098857855332
"gene:GSBRNA2T00059111001_BnaC02g09670D",12.3336789696241,1.44767345798436,0.620719896572658,2.33224916097869,0.0196875873192671,0.577077275604944
"gene:GSBRNA2T00059852001_BnaC03g41590D",71.0576478741711,-1.55506026974538,0.434158524106303,-3.58177988776428,0.000341261267198754,0.0361355408894681
"gene:GSBRNA2T00060005001_BnaC04g37380D",1.63181394985293,4.15909641905266,1.89677985304901,2.19271435868904,0.02832796556468,NA
"gene:GSBRNA2T00060120001_BnaC06g27540D",85.4255485225054,-1.62738930857915,0.387269379078757,-4.20221529636662,2.64315566714944e-05,0.0048107314391705
"gene:GSBRNA2T00061264001_BnaC04g12610D",142.885150369303,-1.14558334945705,0.241290691550565,-4.74773122036074,2.05711156707519e-06,0.000591061314530861
"gene:GSBRNA2T00062202001_BnaA06g09790D",56.1710112646773,-1.187781801351,0.316534588338147,-3.75245500843059,0.000175111266174697,0.0214255755914801
"gene:GSBRNA2T00062320001_BnaC06g06650D",1.92269559085076,4.39976064264566,1.86489586687572,2.35925271796362,0.0183117805484249,NA
"gene:GSBRNA2T00062345001_BnaC06g06760D",4041.65345064802,-1.10022789334216,0.189050017371756,-5.81977144799,5.89281496471515e-09,6.84959383080435e-06
"gene:GSBRNA2T00063450001_BnaC02g34860D",2.16362689262339,-4.56135969312267,1.8697876858875,-2.43950675659606,0.0147073276369131,NA
"gene:GSBRNA2T00064059001_BnaC08g46100D",2.52546450537627,4.78239961985688,1.89090316768892,2.52916156764493,0.0114335381062352,NA
"gene:GSBRNA2T00064168001_BnaA05g34120D",3.7958460720659,-3.37091368676286,1.44947743779921,-2.32560617975608,0.0200395696071245,NA
"gene:GSBRNA2T00064538001_BnaC04g29980D",30.1679384679018,-1.76691086541326,0.438333055707127,-4.03097791144875,5.55452641598384e-05,0.0083353247432499
"gene:GSBRNA2T00065296001_BnaA03g59130D",592.520760937729,-1.03552427726875,0.25249402581965,-4.10118328109829,4.11042822014069e-05,0.00663166375050081
"gene:GSBRNA2T00065389001_BnaC02g06610D",10.3345802141878,1.42266153202458,0.682421238642357,2.08472634124766,0.0370941481873066,NA
"gene:GSBRNA2T00065642001_BnaA10g11280D",188.53637355601,1.33305705317844,0.276744897715001,4.81691646055659,1.45793690643256e-06,0.000449185091220403
"gene:GSBRNA2T00065733001_BnaA02g18250D",15.3205168780181,-1.16095749680572,0.568720022521865,-2.0413515452783,0.041215897031584,0.811244052497743
"gene:GSBRNA2T00066315001_BnaA05g19650D",65.8524937141863,1.29450839125945,0.296100192173794,4.37185934178538,1.23192885744647e-05,0.00260354419360506
"gene:GSBRNA2T00066703001_BnaA03g13170D",29.7193914531521,1.07046483548587,0.471231677203088,2.27163174139612,0.0231087620753192,0.632027267999982
"gene:GSBRNA2T00066840001_BnaCnng56410D",1.97292408578967,-4.43047881303987,2.00980146388622,-2.20443605632217,0.0274936922824017,NA
"gene:GSBRNA2T00066909001_BnaCnng56590D",11.8865841797799,1.36785104766582,0.65354247821061,2.09297955874418,0.0363509793379626,NA
"gene:GSBRNA2T00066924001_BnaA05g35900D",599.882349262556,1.36167636733299,0.18318885490265,7.43318346553674,1.06014695593721e-13,9.03669265240878e-10
"gene:GSBRNA2T00066956001_BnaA04g13410D",20.2239543995041,-1.22649688365917,0.533686770188512,-2.29815868065446,0.0215527594372547,0.608330203454169
"gene:GSBRNA2T00067198001_BnaA02g17430D",5.97210917163166,-4.10382608131365,1.28592542249128,-3.19134065594809,0.00141614201061434,NA
"gene:GSBRNA2T00067501001_BnaC06g27220D",2.53027666855543,3.72176417783005,1.6565329761498,2.24671903995558,0.024657988641056,NA
"gene:GSBRNA2T00067869001_BnaAnng05390D",4.49217966748411,3.00239100673308,1.17668091526449,2.55157619009925,0.0107236874552929,NA
"gene:GSBRNA2T00067933001_BnaC03g60690D",6.92122928274831,1.66268236092953,0.842237750704834,1.97412471661131,0.0483675635249646,NA
"gene:GSBRNA2T00068104001_BnaCnng09270D",10.1884214800209,1.77016205546152,0.809885655364988,2.18569379977939,0.0288380148181405,NA
"gene:GSBRNA2T00068114001_BnaCnng09340D",706.008725157629,-1.13429651426297,0.215370898502177,-5.26671208669125,1.38888770804962e-07,6.45757026731725e-05
"gene:GSBRNA2T00068177001_BnaC05g11430D",62.7903916696179,-1.26767905631913,0.290251287051667,-4.36752260152242,1.25663795930662e-05,0.00262324456288888
"gene:GSBRNA2T00068642001_BnaC02g42930D",100.51701065055,1.25588891984403,0.264994707999513,4.73929811400738,2.14459788455307e-06,0.000609351745597679
"gene:GSBRNA2T00068837001_BnaC06g40330D",3.36356013792783,-4.15466665456652,1.72891032670388,-2.40305502858975,0.0162587406068052,NA
"gene:GSBRNA2T00068841001_BnaC06g40370D",1.84196846855534,-4.32809500878121,2.03827799223048,-2.12340761430927,0.0337197097013355,NA
"gene:GSBRNA2T00068863001_BnaC06g40550D",15.7222950018086,-1.70083581679597,0.601313204252966,-2.82853561965096,0.00467614970520434,0.232804638496981
"gene:GSBRNA2T00068867001_BnaC06g40570D",7.65575163907624,-2.50553958039889,1.06602865772491,-2.35034917892934,0.0187558069516727,NA
"gene:GSBRNA2T00068872001_BnaC06g40610D",33.4467717971918,-8.51209587788309,3.90808642593336,-2.17807257828239,0.0294006337580515,0.711046596538126
"gene:GSBRNA2T00068880001_BnaC06g40660D",59.8607246806849,-1.52840025871567,0.494056665283525,-3.09357279460761,0.00197762030104059,0.132431167685377
"gene:GSBRNA2T00069087001_BnaC06g05350D",75.0081091321686,-1.60902122804035,0.327616865200723,-4.91128937167058,9.04794447339012e-07,0.000298547143320687
"gene:GSBRNA2T00069228001_BnaCnng57560D",29.6536444662493,-3.24096338196474,1.1478039618625,-2.82362100990291,0.00474844969494878,0.234002152616368
"gene:GSBRNA2T00069300001_BnaC04g13990D",25.0956988770337,1.23687508787812,0.460256847282799,2.68735836344471,0.00720196387136755,0.308232000198512
"gene:GSBRNA2T00069896001_BnaC02g33240D",13.5277270479025,-1.90967666117811,0.685340419059287,-2.78646437313499,0.00532864751805532,0.252505477651546
"gene:GSBRNA2T00070114001_BnaA02g12800D",3.00996719168038,-2.9487719265869,1.50439749957877,-1.96010158712213,0.0499839177837746,NA
"gene:GSBRNA2T00070338001_BnaC04g28910D",34.0956446997276,1.71138011903954,0.407779709764806,4.19682509467331,2.70682812647885e-05,0.0048745780880505
"gene:GSBRNA2T00070478001_BnaC07g15960D",410.61484708533,-1.0957612488822,0.472140111762377,-2.32083913563711,0.0202955274520534,0.586769053707077
"gene:GSBRNA2T00070549001_BnaA09g13870D",77.8979955040523,-1.54018612872341,0.388142494727428,-3.96809457775296,7.24495825412319e-05,0.0104064102265668
"gene:GSBRNA2T00070954001_BnaA09g17100D",23.3469300631303,1.18006762875043,0.455965002798192,2.58806623646229,0.00965164195926937,0.365918144080706
"gene:GSBRNA2T00072215001_BnaCnng10080D",15.7246573109407,-1.29365734069443,0.570511984026261,-2.26753753981597,0.0233574083565203,0.633886687413635
"gene:GSBRNA2T00072247001_BnaA02g27670D",80.425660762397,1.1973186235855,0.285104511052895,4.19957796936913,2.67412937095715e-05,0.0048461957645433
"gene:GSBRNA2T00072288001_BnaA02g27920D",83.0996091197357,-1.15114920889221,0.356493597668157,-3.22908802969235,0.00124185662131183,0.0957971569236385
"gene:GSBRNA2T00072398001_BnaA09g18570D",2.27554637301988,3.56885983365975,1.70355621491435,2.09494691306044,0.0361757118851583,NA
"gene:GSBRNA2T00072664001_BnaA01g12980D",70.9357878042851,1.7106928883011,0.290196841714919,5.89493971812981,3.74818190454535e-09,4.79242538315169e-06
"gene:GSBRNA2T00072666001_BnaA01g12960D",87.8952360663164,1.40952003298998,0.273474837086585,5.15411234176441,2.54835143006541e-07,0.000104853080299905
"gene:GSBRNA2T00073252001_BnaC05g43410D",62.1493273537616,1.0284486882116,0.319392696380164,3.22001316832703,0.00128184708403865,0.0978489362180191
"gene:GSBRNA2T00074172001_BnaCnng58920D",26.0581434202819,1.39565777030386,0.587081316948225,2.37728186881979,0.0174407550102889,0.53300714444763
"gene:GSBRNA2T00074261001_BnaCnng59120D",3.82417696669079,-2.70295292764371,1.34641774309217,-2.0075143405613,0.0446949252313449,NA
"gene:GSBRNA2T00074358001_BnaC05g40510D",6.26520857109262,2.13654989795984,0.893313127798284,2.39171442965997,0.0167698847899214,NA
"gene:GSBRNA2T00074422001_BnaA01g25850D",10.8234079177104,2.45535902142129,0.778292439444014,3.15480261272398,0.00160606724266196,NA
"gene:GSBRNA2T00074589001_BnaC02g17140D",57.5904077507685,-1.83865630523978,0.342638316081001,-5.36617248844146,8.04250332865988e-08,4.1972019412345e-05
"gene:GSBRNA2T00074590001_BnaC02g17150D",20.2148763059565,-1.19796656754463,0.504605078049216,-2.37406760188765,0.0175933290551241,0.535910197257455
"gene:GSBRNA2T00074739001_BnaC02g22760D",5.16737304596768,2.37482317876186,1.09251258120247,2.17372616079901,0.0297257067577274,NA
"gene:GSBRNA2T00074820001_BnaCnng59240D",66.5109540946058,1.00450150354754,0.313123494734616,3.20800425531434,0.00133659520856569,0.100973154131291
"gene:GSBRNA2T00074853001_BnaCnng59310D",22.6749059122281,1.32080461375651,0.622710052268161,2.12105876393935,0.0339168575368648,0.756722319285493
"gene:GSBRNA2T00075176001_BnaC04g22420D",193.200080125754,1.02818960412591,0.183929406891958,5.59013167877979,2.26897482080977e-08,1.74913975368022e-05
"gene:GSBRNA2T00075227001_BnaA03g53530D",24.6702188665848,1.20379013936589,0.453740886539191,2.65303430895887,0.00797717620578073,0.324523383607912
"gene:GSBRNA2T00075683001_BnaCnng10690D",46.1488051427799,-1.56109868330081,0.358148643546612,-4.35880104931245,1.30776931630067e-05,0.00271888430540168
"gene:GSBRNA2T00075755001_BnaA01g17800D",54.6649933456032,1.01382241430367,0.344448959939596,2.94331681094773,0.00324715933716097,0.18576366570443
"gene:GSBRNA2T00075883001_BnaA03g11970D",108.037590470199,-1.87328983345022,0.27301240310775,-6.86155578327657,6.81145954312011e-12,2.67973297594873e-08
"gene:GSBRNA2T00076195001_BnaA07g07600D",15.1772921062355,1.3265835660301,0.59222033816847,2.24001690001522,0.0250898257346932,0.658283046034711
"gene:GSBRNA2T00076267001_BnaC05g48320D",5.32898073846302,-2.81830199496421,1.13039044867971,-2.49321108317571,0.0126593562947605,NA
"gene:GSBRNA2T00076523001_BnaUnng02910D",109.74187531815,1.00962449554146,0.247011092672808,4.08736500299125,4.36300400979784e-05,0.00695144788402183
"gene:GSBRNA2T00076864001_BnaC02g16610D",38.0546912490558,-1.08409139336565,0.369423396590467,-2.93454990499005,0.00334031833510206,0.18835417963667
"gene:GSBRNA2T00076991001_BnaA04g20450D",41.9576399861914,1.09132894784619,0.363729063858137,3.00038973039513,0.00269634362995271,0.16319739480509
"gene:GSBRNA2T00077012001_BnaA04g20270D",11.2820984335989,-1.37880614568115,0.674216282835123,-2.04505020241158,0.040849908994507,NA
"gene:GSBRNA2T00077055001_BnaCnng60030D",137.302752745557,-1.04905185248384,0.270143912935851,-3.88330738635948,0.000103045165320744,0.0139053876917259
"gene:GSBRNA2T00077522001_BnaA05g15380D",310.349856065087,1.0366286449823,0.185795463337959,5.57940773342073,2.41338920555979e-08,1.76329110755928e-05
"gene:GSBRNA2T00077525001_BnaA05g15400D",176.40988222904,1.12326728441788,0.258910448872351,4.33843936894056,1.43498059915176e-05,0.00294741557281196
"gene:GSBRNA2T00077985001_BnaA06g33410D",264.195824469168,-1.38909957772535,0.18348333388483,-7.5707125454635,3.71182580846409e-14,3.79675238296175e-10
"gene:GSBRNA2T00078034001_BnaA06g33030D",246.010683034279,1.04061776894265,0.196819073231179,5.28717949870827,1.2421673641415e-07,5.99334034638235e-05
"gene:GSBRNA2T00078183001_BnaA09g42520D",76.5989840326779,-1.41643260589626,0.396074744512334,-3.5761750162592,0.000348658276084423,0.036745278472747
"gene:GSBRNA2T00078184001_BnaA09g42530D",7.18376593012168,-2.13019931255384,0.947423534440262,-2.24841291684016,0.0245498722963247,NA
"gene:GSBRNA2T00078197001_BnaA09g42660D",76.1653674067263,1.01363806331063,0.307225096731509,3.29933353132434,0.000969146887862488,0.0790527088243047
"gene:GSBRNA2T00078295001_BnaA09g43500D",35.9759985026539,1.31818728359111,0.367596341632414,3.58596409783987,0.000335835163796862,0.0357832367025556
"gene:GSBRNA2T00078445001_BnaC09g38760D",1.89811304505035,4.38208497858443,2.02336398095883,2.16574230826619,0.0303308840849809,NA
"gene:GSBRNA2T00078767001_BnaA08g13340D",522.358775291901,-1.73764527507329,0.651341354460991,-2.66779510186522,0.00763508053503324,0.318766170517339
"gene:GSBRNA2T00078781001_BnaA08g13470D",1096.12358404927,-1.1072630753746,0.215928462625174,-5.12791626408547,2.92966686728762e-07,0.000117855815898902
"gene:GSBRNA2T00078837001_BnaA08g13860D",40.9658002017326,-1.31556477336398,0.372220833903134,-3.53436630499394,0.000408754166044255,0.0413966793429056
"gene:GSBRNA2T00078966001_BnaA10g07070D",5.10534875115102,-2.09368978426389,1.03066561569933,-2.03139578188341,0.0422148619811414,NA
"gene:GSBRNA2T00079014001_BnaA10g06750D",287.768441003304,-1.05185250084187,0.291897424427738,-3.60350045192765,0.000313960201219842,0.0339317111076697
"gene:GSBRNA2T00079053001_BnaC03g21940D",56.4873648776428,1.05731379088801,0.355472229058565,2.97439210283236,0.00293569678953865,0.17337560808795
"gene:GSBRNA2T00079105001_BnaC03g21600D",92.787219451171,-1.01161939778396,0.271301365152881,-3.72876633781001,0.000192419467788466,0.0231336749471378
"gene:GSBRNA2T00079106001_BnaC03g21590D",335.382872015519,-1.21185258848164,0.249589730588269,-4.85537840689749,1.20157066675192e-06,0.000384082063627252
"gene:GSBRNA2T00079159001_BnaC03g21190D",4.13388905190079,-2.90193694380891,1.24514793696407,-2.33059611445403,0.0197746665704863,NA
"gene:GSBRNA2T00079220001_BnaC03g49470D",21.2011707379039,1.4004574361381,0.476990166697634,2.9360299937291,0.00332442176891392,0.187872073977164
"gene:GSBRNA2T00079688001_BnaC05g15590D",102.848627421014,-1.01284838812671,0.316069174292729,-3.20451493061027,0.00135290273210936,0.101455802538125
"gene:GSBRNA2T00079794001_BnaC02g41390D",2.87687442232862,2.92571087287268,1.48191182450827,1.97428134689693,0.0483497606847954,NA
"gene:GSBRNA2T00079973001_BnaC05g30630D",9.73169773695408,2.46341867134501,0.818986707535302,3.00788602388742,0.0026307178096442,NA
"gene:GSBRNA2T00080702001_BnaA05g28830D",7.63483221544648,-2.25747300865559,0.82600135084552,-2.73301370069767,0.00627577217221358,NA
"gene:GSBRNA2T00080805001_BnaC02g00900D",7.8255629183647,-1.69515975508274,0.78683014254341,-2.15441638979815,0.0312075323904825,NA
"gene:GSBRNA2T00080836001_BnaCnng11730D",2.1769348712643,-3.48238586469371,1.76935559850849,-1.96816618865606,0.0490489192047923,NA
"gene:GSBRNA2T00081591001_BnaA06g33740D",2.27575606958795,4.6233131932726,1.83190590022887,2.52377220505431,0.0116103135233754,NA
"gene:GSBRNA2T00081741001_BnaA06g09660D",30.7710071251332,1.44909461034379,0.508450592787042,2.8500204954048,0.00437164119778334,0.222160112051702
"gene:GSBRNA2T00082157001_BnaCnng12560D",23.1070026118861,-1.2021023618935,0.592921512967323,-2.02742240853681,0.0426192321763881,0.817108149383681
"gene:GSBRNA2T00082557001_BnaCnng61510D",2.93032302714495,3.96026906470093,1.61049331602835,2.45904098159649,0.013930871450842,NA
"gene:GSBRNA2T00082765001_BnaC03g16470D",5.32630887752608,-2.09871352407949,1.01468870593364,-2.06833239771642,0.0386087772924104,NA
"gene:GSBRNA2T00082945001_BnaA02g17720D",26.0208483857332,1.27090539066829,0.495920876551763,2.56271806806189,0.0103856344662406,0.384381948283059
"gene:GSBRNA2T00083060001_BnaA08g31540D",25.1512272685248,-1.54553130104554,0.45424845689511,-3.40239196762405,0.000667987585898586,0.0599835260519689
"gene:GSBRNA2T00083240001_BnaA09g42120D",21.4328922801132,-1.10909516401786,0.482722855855919,-2.29758162590275,0.0215856124100993,0.608845876795268
"gene:GSBRNA2T00084285001_BnaAnng29840D",42.1480854857151,1.04775113648657,0.41089280241518,2.5499379164785,0.010774210359736,0.393937339296037
"gene:GSBRNA2T00084857001_BnaA02g22690D",45.5489917936659,-1.51314790517968,0.350078986728988,-4.32230428714957,1.54408033582293e-05,0.00312136145040823
"gene:GSBRNA2T00085032001_BnaCnng04030D",52.6103699010213,-1.86712217763501,0.436912940615984,-4.27344215303544,1.92478237047658e-05,0.00377159928186782
"gene:GSBRNA2T00085033001_BnaCnng04040D",11.7953150764404,-1.91075134967908,0.712716712066332,-2.68094085255749,0.00734154909611186,NA
"gene:GSBRNA2T00085171001_BnaC03g44170D",48.8897660306135,1.18190424299144,0.364868267879359,3.23926289852707,0.0011983905742259,0.0927238843089405
"gene:GSBRNA2T00085422001_BnaC05g01060D",5.51846364631338,2.18384279522663,1.08558008757974,2.01168280462424,0.0442533843763949,NA
"gene:GSBRNA2T00085431001_BnaC05g01140D",402.135062503805,1.23592963491979,0.196888435592787,6.27730943769596,3.44482071406866e-10,6.29221109286884e-07
"gene:GSBRNA2T00085694001_BnaC04g42350D",11.8694020787823,1.90580632373171,0.667911193223819,2.85338281955259,0.00432564776780027,NA
"gene:GSBRNA2T00085919001_BnaA07g10590D",20.4155127376056,1.70041866626054,0.512220149650303,3.31970280244037,0.000901133254241523,0.0751836201548588
"gene:GSBRNA2T00086031001_BnaC07g42240D",119.38010627878,-1.35797962967981,0.271340053180056,-5.00471498315318,5.59447445641733e-07,0.000200086574544761
"gene:GSBRNA2T00086377001_BnaA09g12880D",35.4267510923326,-1.09437128344448,0.396245906308798,-2.76184880656312,0.00574750872005402,0.264851063904909
"gene:GSBRNA2T00086419001_BnaA02g33040D",11.4578327811839,-1.83801099704728,0.662101802779245,-2.77602475832572,0.00550280179063376,NA
"gene:GSBRNA2T00086436001_BnaA02g32900D",7.46023560334038,1.80899529240131,0.801813539875342,2.25612963917091,0.0240625134113459,NA
"gene:GSBRNA2T00086593001_BnaAnng29980D",11.1053248545209,-1.7245451182178,0.841904167841097,-2.04838648398674,0.0405221448417979,NA
"gene:GSBRNA2T00087183001_BnaCnng14680D",38.6207096004959,1.18287952093775,0.404386792934877,2.92511907313513,0.00344324443672795,0.192915242781857
"gene:GSBRNA2T00087295001_BnaC04g24690D",4.43609450503716,-5.59956790206081,1.59895638649141,-3.50201415708901,0.000461755082430968,NA
"gene:GSBRNA2T00087856001_BnaC05g18920D",51.1021991274622,1.03068968559932,0.326372516231668,3.15801617580972,0.0015884674351001,0.113464495112792
"gene:GSBRNA2T00088507001_BnaCnng64020D",39.9109480371211,-1.08422022667799,0.394269646765895,-2.74994597116872,0.00596050917221971,0.270972694314671
"gene:GSBRNA2T00088541001_BnaA02g08270D",33.8940190912466,1.06864991538281,0.42730987868221,2.50087809502191,0.0123885813920073,0.427820126072129
"gene:GSBRNA2T00088942001_BnaCnng15860D",3.15101403965328,-5.1044517326887,1.64916139104198,-3.09518022942774,0.00196693337125511,NA
"gene:GSBRNA2T00088966001_BnaA06g16790D",212.071272667988,-1.13647291511457,0.251426171856669,-4.52010586933823,6.18087140933428e-06,0.00148231262448863
"gene:GSBRNA2T00089102001_BnaC04g04970D",217.264708115953,-1.27960724679227,0.226223787420937,-5.65637796705832,1.5460080998165e-08,1.38717610977219e-05
"gene:GSBRNA2T00090129001_BnaC02g34260D",25.7335900042224,1.76824712093687,0.505467621816235,3.49824013372656,0.000468339245454706,0.0458864796351255
"gene:GSBRNA2T00090153001_BnaC02g34410D",30.5815932063538,1.16558188570777,0.411793552587076,2.83050057094155,0.0046475228238418,0.231895519319576
"gene:GSBRNA2T00090188001_BnaA04g12670D",292.569288011516,-1.04725519602095,0.226406157128278,-4.62555969901294,3.73588177787882e-06,0.00096988800836464
"gene:GSBRNA2T00090373001_BnaC08g41340D",9.72547996730955,1.80125632103921,0.730900381936931,2.4644347787393,0.0137229536151309,NA
"gene:GSBRNA2T00090553001_BnaC08g39950D",36.6947600057139,1.48479762469303,0.436084116906947,3.40484224746453,0.000662022854019901,0.0598206658056428
"gene:GSBRNA2T00091483001_BnaUnng03370D",23.708268440971,1.31791823160824,0.458788555933638,2.87260485154489,0.0040710296139688,0.212420653247046
"gene:GSBRNA2T00091489001_BnaCnng64770D",11.2160083393464,-3.10099970153005,1.06407421676022,-2.9142701257922,0.00356521266744042,NA
"gene:GSBRNA2T00091491001_BnaCnng64790D",16.3907873661074,1.12672031808061,0.540242728251974,2.0855816453583,0.0370165353958346,0.782464756878526
"gene:GSBRNA2T00091511001_BnaC07g27590D",14.2939670443321,1.21477649155703,0.597024843505988,2.03471682086684,0.0418793746868367,0.813294527946675
"gene:GSBRNA2T00091717001_BnaA05g20770D",3.65352307411855,-2.6658575597803,1.30880659766498,-2.03686133958708,0.0416639392874756,NA
"gene:GSBRNA2T00091718001_BnaA05g20760D",1.66371076664617,-4.18229661984176,1.91932966897914,-2.17904025943925,0.0293286775719051,NA
"gene:GSBRNA2T00091770001_BnaCnng64850D",39.4231153421448,-1.00008368607564,0.39454826718123,-2.5347562497753,0.0112525593686758,0.404997112140432
"gene:GSBRNA2T00092105001_BnaA03g57110D",10.7798728917029,1.37409263078991,0.673339331968461,2.04071344944731,0.0412793177343885,NA
"gene:GSBRNA2T00092159001_BnaCnng65240D",15.2231602282054,2.05532408112224,0.920009377574379,2.2340251428101,0.0254814187666236,0.664296098652704
"gene:GSBRNA2T00092363001_BnaA02g16770D",7.8457007933499,2.09170368166019,0.835416233888686,2.50378625266085,0.0122872240417987,NA
"gene:GSBRNA2T00092726001_BnaA07g01650D",18.6836419668445,1.15647622411834,0.522109690900173,2.21500624155136,0.0267596361149648,0.677471902167768
"gene:GSBRNA2T00093534001_BnaC09g41370D",51.7398789166146,-1.0228755461446,0.36758794785508,-2.78266888812107,0.00539137969632947,0.253908283626155
"gene:GSBRNA2T00093810001_BnaCnng18030D",561.086786151937,-1.0824999812853,0.225783423335652,-4.79441743460522,1.63148239997859e-06,0.000490408457219713
"gene:GSBRNA2T00094401001_BnaC09g36790D",294.033772033926,-1.2215265120004,0.598255153731877,-2.04181527627567,0.0411698583521133,0.811244052497743
"gene:GSBRNA2T00095183001_BnaA05g10620D",22.4953372757299,-2.11376890673922,0.61843594326758,-3.41792699753328,0.00063100029269997,0.0585696533028081
"gene:GSBRNA2T00095184001_BnaA05g10610D",11.3166939862456,-1.63332738568011,0.773153528645033,-2.11255245583959,0.0346390917226151,NA
"gene:GSBRNA2T00096241001_BnaC07g47890D",139.044131442057,1.02908054158162,0.219767765243132,4.68258181741591,2.83284058741457e-06,0.000770653186184739
"gene:GSBRNA2T00096593001_BnaCnng19070D",25.8787885100907,1.25859991510005,0.429387002680971,2.93115512868744,0.0033770409767096,0.190005922676387
"gene:GSBRNA2T00096994001_BnaA01g30780D",42.8285912854436,-1.11470055765512,0.376960067167546,-2.95707862647338,0.00310568912331159,0.179274677790799
"gene:GSBRNA2T00097287001_BnaC05g47750D",129.535392589996,-1.72871655005597,0.26376668289298,-6.55396098967272,5.60306098004697e-11,1.43281475381761e-07
"gene:GSBRNA2T00097374001_BnaCnng67300D",19.5599499154195,-1.08351747632258,0.483755500205946,-2.23980394199404,0.0251036538570499,0.658283046034711
"gene:GSBRNA2T00097655001_BnaAnng33150D",1.84381867682545,-4.32941189725267,2.05984197586409,-2.10181749278923,0.0355692661978045,NA
"gene:GSBRNA2T00097948001_BnaAnng33290D",8.28201092342297,-2.6199169994011,0.890128860187346,-2.94330081472663,0.00324732713888291,NA
"gene:GSBRNA2T00098470001_BnaC03g72010D",2697.7650110529,-1.07202843133683,0.185345899781929,-5.78393389116314,7.29736295756339e-09,7.61665981840045e-06
"gene:GSBRNA2T00098535001_BnaA07g14750D",15.8726737126337,1.06140132443449,0.525244876690769,2.02077425508974,0.0433031390373704,0.823001019296644
"gene:GSBRNA2T00098797001_BnaA07g16780D",8.21756102333255,-2.02770589732399,0.975784106243493,-2.07802718280596,0.0377068555627434,NA
"gene:GSBRNA2T00099073001_BnaA07g19130D",9.24907468343642,1.72338433921939,0.771985078390656,2.23240628278995,0.0255881229497456,NA
"gene:GSBRNA2T00099637001_BnaA07g23750D",103.296580563926,-1.09412267360679,0.268190539953085,-4.07964678320938,4.51041824773379e-05,0.00707863523236538
"gene:GSBRNA2T00099643001_BnaA07g23810D",9.7383113768249,1.41130837364014,0.713961472266862,1.97672903715542,0.0480722667441832,NA
"gene:GSBRNA2T00100056001_BnaC07g45440D",20.607613074941,-1.13267162266857,0.530090607683603,-2.13675097474021,0.0326182515404382,0.741808053515029
"gene:GSBRNA2T00100227001_BnaC07g46800D",3.82407227889858,-2.70650952921453,1.27812342730104,-2.11756507345285,0.0342119187453365,NA
"gene:GSBRNA2T00100243001_BnaC07g46910D",19.4116294788431,1.23408176814535,0.506740060668524,2.43533492599199,0.0148780113587313,0.483124452654573
"gene:GSBRNA2T00100254001_BnaC07g46980D",4.94241295296614,3.81369361913608,1.44323418228022,2.64246347956552,0.00823053409495219,NA
"gene:GSBRNA2T00100708001_BnaC09g17200D",10.0541923717274,-1.43122354090342,0.726187354461313,-1.97087367620868,0.0487383267785673,NA
"gene:GSBRNA2T00100754001_BnaC09g16910D",13.6618180912179,-1.66271626159724,0.755288407301354,-2.20143225491587,0.027705437669749,0.689186237442433
"gene:GSBRNA2T00100809001_BnaC09g16610D",61.1811824723777,-1.18266689471735,0.332325480895224,-3.55876080140308,0.000372608682032363,0.0384207629714983
"gene:GSBRNA2T00101309001_BnaC01g33950D",26.0897641193307,-1.13771969283597,0.431860800935148,-2.63445927570263,0.00842714123134642,0.336454107053849
"gene:GSBRNA2T00101326001_BnaC01g34080D",354.657388981976,1.01891361992167,0.217724185385577,4.67983663880625,2.87103586916749e-06,0.000776911420596306
"gene:GSBRNA2T00101541001_BnaC03g25370D",35.4767293049033,-1.04169860324905,0.414550154106736,-2.51284095043621,0.0119763315535134,0.419820082914935
"gene:GSBRNA2T00102018001_BnaA07g27390D",7.67276400968955,-1.84332935197687,0.838897104930359,-2.19732472688637,0.0279972629143355,NA
"gene:GSBRNA2T00102128001_BnaA07g26470D",6.9367330893402,1.67719812695264,0.854739783753219,1.96223243475102,0.0497354293523564,NA
"gene:GSBRNA2T00102196001_BnaA07g25920D",32.9238743510787,-1.20475272818097,0.406853960873982,-2.96114292605874,0.00306499668045051,0.177949289796246
"gene:GSBRNA2T00102507001_BnaA07g29670D",11.5409406047212,1.41562050259309,0.635924402715146,2.22608300066635,0.0260086223696656,NA
"gene:GSBRNA2T00102546001_BnaA07g30020D",26.4409212945096,-1.22129020207146,0.503395919599789,-2.42610270469099,0.0152619505019618,0.49246510818444
"gene:GSBRNA2T00102697001_BnaA07g31260D",732.549837016166,-1.36533595799765,0.204105096657167,-6.68937709228786,2.24122527713719e-11,6.74266032787673e-08
"gene:GSBRNA2T00102801001_BnaA08g21450D",228.728834646756,1.04485300183862,0.19297504905233,5.41444610051779,6.14787184089832e-08,3.5270766137318e-05
"gene:GSBRNA2T00103276001_BnaC06g33180D",8.65883427308284,-1.58070609703083,0.731083933198734,-2.16214038532445,0.0306073569542728,NA
"gene:GSBRNA2T00103308001_BnaC06g33400D",43.0655316404277,-1.21418442099663,0.507562582871685,-2.39218662283382,0.01674832385304,0.517263409950499
"gene:GSBRNA2T00103359001_BnaC06g33820D",5.26150342985492,-2.1498281156794,1.04627166667498,-2.05475134628417,0.0399030277401206,NA
"gene:GSBRNA2T00103487001_BnaC06g34930D",68.3269112790005,-1.00902737357669,0.320171897696808,-3.15151760924441,0.00162424368385398,0.115696823073855
"gene:GSBRNA2T00103496001_BnaC06g35000D",892.379985428194,-1.08741564257529,0.206075811233484,-5.2767747755861,1.31477312299077e-07,6.28436977591025e-05
"gene:GSBRNA2T00103638001_BnaC06g36050D",977.54990689608,-1.30485250387517,0.214618280823973,-6.07987585617362,1.20275632121439e-09,1.80922850859379e-06
"gene:GSBRNA2T00103950001_BnaC09g46240D",561.538166122222,-1.01760087390232,0.272276423750165,-3.73738151796812,0.00018594666483999,0.0225356782620295
"gene:GSBRNA2T00104156001_BnaC09g44630D",36.9077231851316,1.33446616094701,0.501111443095969,2.66301274762836,0.00774444802136456,0.320454732689862
"gene:GSBRNA2T00104568001_BnaC08g12880D",43.2748529854671,-1.76572960902183,0.387379955849233,-4.55813364207479,5.1610194852426e-06,0.00126901529112138
"gene:GSBRNA2T00104769001_BnaA05g25220D",27.5587542662983,1.56736902011955,0.459163551860279,3.41353100386437,0.000641268616616948,0.0593486738815651
"gene:GSBRNA2T00104822001_BnaA05g24750D",33.0536680226041,1.18455720649408,0.559921887838203,2.11557581909778,0.0343809002291448,0.761861681680841
"gene:GSBRNA2T00105097001_BnaC04g41440D",1.74171293271645,4.25811764366301,2.05945361271574,2.06759580180491,0.0386780471887792,NA
"gene:GSBRNA2T00105102001_BnaC04g41400D",32.2074160969039,-1.21282043630872,0.536880719351456,-2.25901283580044,0.0238825864463476,0.641518382989495
"gene:GSBRNA2T00105403001_BnaA06g07860D",2.45712674694758,3.68774125180265,1.70585606754408,2.16181266518687,0.030632618856526,NA
"gene:GSBRNA2T00105426001_BnaA06g08030D",148.629072524995,-1.1343556825643,0.238520322490482,-4.7558030725435,1.97659079003309e-06,0.000578546930623714
"gene:GSBRNA2T00105529001_BnaA06g08900D",9.40485349590994,1.74349964526048,0.753171843112637,2.31487629443915,0.0206197030341309,NA
"gene:GSBRNA2T00106034001_BnaC05g39430D",64.028273415526,1.20340659016538,0.290273052653434,4.14577439815664,3.38667154035751e-05,0.00572956374093336
"gene:GSBRNA2T00106630001_BnaA03g43840D",11.2758183887877,1.36762705361814,0.66928285293115,2.04342162305303,0.0410107187655038,NA
"gene:GSBRNA2T00106839001_BnaA03g45460D",48.5830360583611,1.83922514595498,0.436250505239529,4.21598399054032,2.48691403628281e-05,0.00460835983592928
"gene:GSBRNA2T00106869001_BnaA03g45690D",13.1705104733552,1.57553479431543,0.674055766741054,2.3373953195785,0.0194186382777827,0.572089191289701
"gene:GSBRNA2T00106985001_BnaC09g49530D",14.3190698236603,-2.79083830725384,0.825428767404879,-3.38107710496709,0.000722022790848472,0.063231393176634
"gene:GSBRNA2T00107153001_BnaC09g48090D",2.48953335599961,-3.70645695028592,1.65882382488526,-2.23438854366726,0.0254575188475043,NA
"gene:GSBRNA2T00107195001_BnaA06g17510D",12.1926195699907,-1.622548189287,0.785607308950581,-2.06534253284177,0.038890601862367,NA
"gene:GSBRNA2T00107196001_BnaA06g17520D",20.7539084008137,-1.21010624847196,0.564803186909987,-2.14252730246158,0.0321510740655117,0.738638932340645
"gene:GSBRNA2T00107231001_BnaA06g17800D",15.0359760160223,-1.28540013204034,0.587280757724903,-2.1887319057071,0.0286163315548619,0.700600124960199
"gene:GSBRNA2T00107362001_BnaA06g18740D",3.15128886884634,-3.11352699602849,1.4934964159942,-2.08472344672876,0.0370944110794638,NA
"gene:GSBRNA2T00107701001_BnaC01g11690D",21.6999189879068,2.30630761007669,0.500488444316521,4.60811360635156,4.06338640779712e-06,0.00103747721652507
"gene:GSBRNA2T00108036001_BnaC09g24280D",12.4900750805362,-2.75767086353516,0.934182450251427,-2.95196175307399,0.00315762039628369,0.181861866607582
"gene:GSBRNA2T00108458001_BnaC02g35340D",2.30053579575045,3.58290869743599,1.69926303847817,2.10850740368294,0.0349871230279944,NA
"gene:GSBRNA2T00108565001_BnaC05g22700D",32.1213692263128,1.01466978394314,0.463342908856677,2.18988952792413,0.0285322496384336,0.699881714871966
"gene:GSBRNA2T00108995001_BnaC08g25210D",660.216897613988,1.18675427164061,0.189927136961538,6.24847133814763,4.14489264693412e-10,7.30987550119995e-07
"gene:GSBRNA2T00108997001_BnaC08g25190D",15.4487349493131,1.36214761862088,0.562755362513273,2.42049691456961,0.0154993108248283,0.49679054518463
"gene:GSBRNA2T00109486001_BnaC09g02900D",6.26952766079259,-6.09807287333533,1.44281264634138,-4.22651748222372,2.37335840710412e-05,NA
"gene:GSBRNA2T00109536001_BnaC09g02520D",26.4441982794163,1.11977745711905,0.49216314020984,2.27521601199476,0.022892974799073,0.629580758014573
"gene:GSBRNA2T00109748001_BnaA06g21110D",7.31652166260068,-1.96305233698676,0.844531736120989,-2.32442696115037,0.0201026219471635,NA
"gene:GSBRNA2T00109965001_BnaC07g14650D",128.578309752534,1.29054918579044,0.258766649273548,4.98730879506106,6.1226164262867e-07,0.000214476092127402
"gene:GSBRNA2T00110657001_BnaC03g37570D",1372.60305839296,-1.19936461308492,0.222348518824025,-5.39407511877399,6.88774006276309e-08,3.74751678478676e-05
"gene:GSBRNA2T00110662001_BnaC03g37600D",650.412202414043,-1.38918614173231,0.267139980823502,-5.20021801847078,1.99054897851864e-07,8.62751160655571e-05
"gene:GSBRNA2T00110663001_BnaC03g37610D",78.2962071261676,-1.21944442125482,0.398993994162616,-3.05629768642035,0.00224088651426996,0.143979773725908
"gene:GSBRNA2T00110703001_BnaCnng00020D",256.212415200579,-1.05490070515429,0.243672875800258,-4.32916754353492,1.49674035063705e-05,0.00304977244991956
"gene:GSBRNA2T00111035001_BnaC05g41870D",27.7664707965331,1.96961710205628,0.58246641256812,3.38151189417456,0.000720881118892245,0.063231393176634
"gene:GSBRNA2T00111277001_BnaA04g06370D",4.47266055894218,-2.5304400191504,1.10192310058264,-2.29638530838716,0.0216538602482914,NA
"gene:GSBRNA2T00111327001_BnaA04g06060D",13.3004524500215,1.99454279552879,0.704472070030249,2.83125886799621,0.00463651788647179,0.231572334751673
"gene:GSBRNA2T00111518001_BnaA03g32280D",2841.55780218044,-1.15817960541261,0.231134009667832,-5.0108575846413,5.41880067385816e-07,0.000196552582740285
"gene:GSBRNA2T00111519001_BnaA03g32270D",434.101662779154,-1.53091119743589,0.234926055948707,-6.51656620741187,7.19350669701521e-11,1.75192717386736e-07
"gene:GSBRNA2T00111589001_BnaA03g31730D",190.101613955498,-1.88470618417743,0.709819728905515,-2.65518991291422,0.00792637701170266,0.323794382857312
"gene:GSBRNA2T00111594001_BnaA03g31700D",42.3570925683734,-1.01595403650639,0.392128360440701,-2.59087109987299,0.00957333420368471,0.363879132659756
"gene:GSBRNA2T00112295001_BnaA07g11060D",30.6800076623351,1.17984321580531,0.482912823006994,2.44318054852774,0.0145584519482645,0.475094962360566
"gene:GSBRNA2T00112299001_BnaA07g11080D",538.087921365299,1.03782942347084,0.158328471780291,6.55491341387422,5.56741708138714e-11,1.43281475381761e-07
"gene:GSBRNA2T00112384001_BnaA07g11700D",172.075640234876,-1.45869901732885,0.264245264742892,-5.52024657375845,3.38524296750124e-08,2.30846488439844e-05
"gene:GSBRNA2T00112417001_BnaA07g11940D",1.44683534852296,3.98884337612396,2.02619323884572,1.96863917007063,0.048994541174621,NA
"gene:GSBRNA2T00112772001_BnaC04g30610D",10.518133635142,-1.42895944948841,0.683670176086113,-2.09012986008684,0.0366061360137584,NA
"gene:GSBRNA2T00113067001_BnaC06g29210D",9.80495279867507,-2.23479978896282,0.955171657535838,-2.33968394197142,0.0193000649984246,NA
"gene:GSBRNA2T00113607001_BnaA03g39710D",132.460244458246,-1.20887709239298,0.323536834227262,-3.73644347259648,0.000186641382293656,0.0225663991868244
"gene:GSBRNA2T00113703001_BnaA03g38960D",26.1192785557021,-1.08624968036657,0.455607651198188,-2.38417787214477,0.0171173265867902,0.526110908025719
"gene:GSBRNA2T00114319001_BnaA04g09390D",13.892766105438,-1.52656128378904,0.709886656857832,-2.15042960596844,0.0315212486042812,0.731454859849974
"gene:GSBRNA2T00114573001_BnaA04g07790D",12.9979458667522,1.27423976171306,0.626433300428797,2.03411881335305,0.0419396175484303,0.813409101212332
"gene:GSBRNA2T00114880001_BnaC02g07090D",3.41112317450832,5.21243209862598,1.62494311662484,3.20776281046238,0.00133771774565341,NA
"gene:GSBRNA2T00114987001_BnaC02g10790D",34.6518763809172,-1.42021225411067,0.406064600137451,-3.49750323872097,0.000469635010326087,0.0459254550059606
"gene:GSBRNA2T00115214001_BnaC04g25440D",67.1670636743142,1.09791735540811,0.316251264362623,3.47166155247115,0.000517248000466565,0.0494469752072187
"gene:GSBRNA2T00115257001_BnaC04g25200D",12.5419662395632,-2.17463315518376,0.68445141255752,-3.17719141970653,0.00148708848499238,0.108033598688139
"gene:GSBRNA2T00116082001_BnaC01g16510D",12.2736450027428,-1.34880828839438,0.655347066607793,-2.05815873316726,0.0395748985146838,0.795604799384823
"gene:GSBRNA2T00116234001_BnaC03g67930D",1.92269559085076,4.39976064264566,1.86489586687572,2.35925271796362,0.0183117805484249,NA
"gene:GSBRNA2T00116327001_BnaC03g68440D",18.3347775751677,-1.19283316056839,0.512531870846705,-2.32733460769536,0.0199474631989836,0.581969799115125
"gene:GSBRNA2T00116443001_BnaA02g15790D",14.4969444734875,-3.28429211860603,0.732158950624746,-4.4857638027966,7.2653192021349e-06,0.00169670084599994
"gene:GSBRNA2T00116568001_BnaA02g14960D",288.059510540283,1.024840315335,0.208753325214108,4.90933648258713,9.1385061662079e-07,0.000299602409849062
"gene:GSBRNA2T00116620001_BnaA05g04160D",14.0204488132307,-1.22614455670485,0.574703017258175,-2.13352726518579,0.0328814974647138,0.744111197493507
"gene:GSBRNA2T00116671001_BnaA05g04560D",13.4192409374204,-1.51676058042051,0.716395395896402,-2.11721151351432,0.0342419006823613,0.760098857855332
"gene:GSBRNA2T00116757001_BnaA05g05300D",2.15275920239405,-3.48181854295884,1.73152976010121,-2.01083378593235,0.0443430161592175,NA
"gene:GSBRNA2T00117048001_BnaA05g07660D",41.2438231090666,1.61860124412726,0.387551471095422,4.17648071249026,2.96053832690544e-05,0.00518540315723466
"gene:GSBRNA2T00117067001_BnaA05g07840D",4.78275488075723,2.24997381952373,1.06067946527146,2.1212570745375,0.0339001745796369,NA
"gene:GSBRNA2T00117592001_BnaC02g37400D",25.3497003278778,1.0403449146279,0.472726140010252,2.20073490034916,0.0277547965775852,0.689408118583787
"gene:GSBRNA2T00117871001_BnaA09g19550D",52.5783550185213,-2.0431946313802,0.398239823906828,-5.13056331568243,2.88876369214069e-07,0.000117256293865749
"gene:GSBRNA2T00118673001_BnaA07g13320D",149.253249396291,-1.12984688449985,0.263611576412914,-4.28602908822974,1.81895181170115e-05,0.00360575470766061
"gene:GSBRNA2T00118760001_BnaA07g13960D",6.11879117088432,-2.12029577016193,0.983749326124008,-2.15532119195033,0.0311367085749215,NA
"gene:GSBRNA2T00118828001_BnaC09g25730D",21.9191225448726,1.47104392301985,0.487307390067024,3.01871868353468,0.00253846123896284,0.157811556185909
"gene:GSBRNA2T00119383001_BnaC05g18520D",2.72711572082702,3.83745486424923,1.69623757308471,2.26233336953537,0.0236768142096935,NA
"gene:GSBRNA2T00119395001_BnaC05g18470D",26.0719279571253,-3.27671493762425,0.569373084106145,-5.75495229594201,8.66662647156878e-09,8.52396046657526e-06
"gene:GSBRNA2T00119663001_BnaAnng01220D",1.50149389840956,-4.03364591558449,1.99169725548319,-2.02523044327132,0.0428437070274509,NA
"gene:GSBRNA2T00119664001_BnaAnng01230D",2.50712860813227,-3.70363802131563,1.66269990960094,-2.22748434635119,0.0259149208446746,NA
"gene:GSBRNA2T00120019001_BnaC05g45930D",27.7895956510277,1.24324977943175,0.591340942038276,2.10242466071506,0.0355160928339874,0.771709903585018
"gene:GSBRNA2T00120095001_BnaC05g45330D",29.1888147872531,-1.04451940192092,0.419108510163173,-2.49224097481164,0.012693988190679,0.433160045438121
"gene:GSBRNA2T00120153001_BnaC05g44820D",9.9577360997716,1.85374749900391,0.716576099676641,2.58695133683698,0.00968292661482571,NA
"gene:GSBRNA2T00120292001_BnaC02g41060D",137.105825116714,-1.50560739195564,0.356097784393036,-4.22807290003762,2.35701429532594e-05,0.00443188011471139
"gene:GSBRNA2T00121035001_BnaA01g05120D",6.99627879891109,-5.25923356342472,1.40528127013473,-3.74247752047566,0.00018221483762037,NA
"gene:GSBRNA2T00121193001_BnaA01g03850D",3.14079865998411,-3.1092484202222,1.49587442899432,-2.0785490813641,0.0376588152195549,NA
"gene:GSBRNA2T00121235001_BnaA01g03470D",12.1435767842574,-2.34658679906336,0.708764801507607,-3.31081170237568,0.000930257828474298,NA
"gene:GSBRNA2T00121350001_BnaA01g02450D",16.2666083955659,-1.70951057131694,0.568826012396024,-3.00533121563146,0.00265291788294815,0.162297646178828
"gene:GSBRNA2T00121396001_BnaA01g02040D",41.5979967209563,1.20137385414365,0.361306144680742,3.32508558692023,0.000883913964459583,0.0742932563717706
"gene:GSBRNA2T00121476001_BnaA01g01320D",25.2806477360205,-1.06709482012488,0.428332093965878,-2.4912791620277,0.0127284067023388,0.433566967969518
"gene:GSBRNA2T00121544001_BnaA01g00740D",138.311830752312,-1.43664602528841,0.226732507482112,-6.33630369655641,2.35342689986164e-10,4.6293717448663e-07
"gene:GSBRNA2T00122030001_BnaA09g36360D",197.722634438756,-1.10911042392362,0.299343069385798,-3.70514816394222,0.000211267201175176,0.0247822241672091
"gene:GSBRNA2T00122054001_BnaA09g50420D",30.8106107244211,1.00451761489382,0.442111659269399,2.27209030531747,0.0230810565427462,0.632027267999982
"gene:GSBRNA2T00122205001_BnaA09g49210D",20.8552310513215,-1.80943927234056,0.496263958112213,-3.64612267879308,0.000266226915361373,0.029664290543011
"gene:GSBRNA2T00122646001_BnaC02g12550D",14.5240391808544,1.24857112982487,0.566274827361827,2.20488545401487,0.0274621334852339,0.685672711471302
"gene:GSBRNA2T00122913001_BnaA10g05050D",11.036686309682,-1.34797681132049,0.685210975472693,-1.96724346160771,0.0491551496853279,NA
"gene:GSBRNA2T00123018001_BnaC01g08820D",610.859776249678,-1.08858661688787,0.265777213628934,-4.09586134952754,4.20601614334704e-05,0.00676454369922456
"gene:GSBRNA2T00123298001_BnaA04g23250D",13.3277974606495,-1.80931526510325,0.729634531575083,-2.47975553075515,0.0131472488679,0.443020962684331
"gene:GSBRNA2T00123378001_BnaA04g22550D",4.11177594965943,2.37759155750922,1.13003950208747,2.10398977479743,0.0353793389705459,NA
"gene:GSBRNA2T00123404001_BnaA04g22400D",31.9702324411957,1.14629072213229,0.379898950905687,3.01735690345948,0.00254989397947734,0.157889341946479
"gene:GSBRNA2T00124412001_BnaA07g25000D",3.9667663588851,-4.40847640709219,1.61544099405265,-2.72896157973104,0.00635341056356788,NA
"gene:GSBRNA2T00124463001_BnaA07g25440D",12.7671083196704,2.43684176990457,0.760230699705952,3.20539774419411,0.00134875960663876,0.101293628960254
"gene:GSBRNA2T00124475001_BnaA07g25540D",11.2783077525239,-2.21977749536075,0.696011020409834,-3.18928498294995,0.00142625196869544,NA
"gene:GSBRNA2T00124484001_BnaA07g25620D",26.5141184576822,-1.14386589774702,0.418509389171558,-2.73319052652871,0.00627240373023431,0.281399838929038
"gene:GSBRNA2T00124767001_BnaA03g18540D",139.561334637547,-1.40347341881108,0.672669498186175,-2.0864234554941,0.0369402821545668,0.782464756878526
"gene:GSBRNA2T00124776001_BnaA03g18460D",51.858238822799,1.38034896865252,0.356243801367685,3.87473119069894,0.000106742462544297,0.0142167617301186
"gene:GSBRNA2T00124782001_BnaA03g18420D",99.6063428846428,1.43446870337874,0.312484435987654,4.59052848134624,4.42125118879555e-06,0.00110843368039098
"gene:GSBRNA2T00124818001_BnaA03g18080D",29.4074335171144,-1.14975413695685,0.423084074354783,-2.71755475246914,0.00657662730854632,0.291047205065054
"gene:GSBRNA2T00124873001_BnaA03g17650D",5.16753393038924,-2.37616602241103,1.01987160778724,-2.32986780322915,0.0198131391865751,NA
"gene:GSBRNA2T00125076001_BnaC03g47330D",7.13455140675802,-1.89807450273061,0.883012199734302,-2.14954504966267,0.031591218996233,NA
"gene:GSBRNA2T00125350001_BnaA06g16450D",15.716205667487,-1.20335595619344,0.551055480416414,-2.18372922320654,0.028982151074428,0.705583120464423
"gene:GSBRNA2T00125489001_BnaA06g15390D",26.7155775618332,2.25826799213146,0.601712680488323,3.75306697924124,0.000174684156351042,0.0214255755914801
"gene:GSBRNA2T00125599001_BnaA05g13500D",104.195353772512,-1.0177359865636,0.317415640282471,-3.20631959300402,0.00134444578024828,0.1012338942649
"gene:GSBRNA2T00126205001_BnaA04g02560D",82.5260294591962,1.0847272722872,0.308766871273836,3.5130947430082,0.000442919510619964,0.0439005338200532
"gene:GSBRNA2T00126311001_BnaA04g03320D",14.2649300371182,-1.30090749033882,0.629598708977546,-2.06624866250355,0.0388050061285083,0.792234205128452
"gene:GSBRNA2T00126532001_BnaA04g04770D",3.34674134528594,-3.12549327266709,1.45156119227265,-2.15319429129518,0.0313034121494629,NA
"gene:GSBRNA2T00126716001_BnaA08g10610D",129.060305132318,1.17863643076617,0.216889349132457,5.43427529051399,5.50195831992434e-08,3.3902669435447e-05
"gene:GSBRNA2T00126787001_BnaA08g10060D",38.5923731924265,1.0819566759,0.436714606042004,2.47749138895514,0.0132309601439297,0.444310062771595
"gene:GSBRNA2T00127433001_BnaC08g34950D",6.20783451784443,-2.34327748639891,0.977609940195839,-2.39694523352483,0.0165323945281228,NA
"gene:GSBRNA2T00127587001_BnaC04g38140D",6.78908432787315,1.62760092383119,0.8208014044211,1.98294120242047,0.0473739976295732,NA
"gene:GSBRNA2T00127701001_BnaC04g39030D",7.68278511120292,-1.6591862912635,0.802769279628249,-2.06682833208547,0.0387503327850789,NA
"gene:GSBRNA2T00127842001_BnaC04g39890D",11.713098764899,1.34837286878669,0.671913287309774,2.00676619178844,0.0447745642810172,NA
"gene:GSBRNA2T00128059001_BnaC08g03560D",4.17897624559429,-2.3803339538445,1.18084891900665,-2.01578196459449,0.0438227802902464,NA
"gene:GSBRNA2T00128425001_BnaA07g06710D",23.5661071595019,1.01078623963992,0.457634553231167,2.20871923350888,0.0271941757848128,0.682761713844781
"gene:GSBRNA2T00128432001_BnaA07g06750D",54.2109793172183,1.18339374227417,0.36777572511963,3.21770487132949,0.00129220705394423,0.0982772608866435
"gene:GSBRNA2T00128466001_BnaA07g07000D",24.9514408168383,1.09361702693919,0.458999430459172,2.3826108582426,0.0171903552412064,0.527721205555979
"gene:GSBRNA2T00128810001_BnaC07g20260D",36.353131036927,-1.40964311795473,0.480331310713011,-2.93473085454753,0.00333837117903097,0.18835417963667
"gene:GSBRNA2T00129915001_BnaA03g04250D",55.4362110707029,-1.29721203673698,0.390560540570738,-3.32141090044919,0.000895635736232669,0.0748470491730125
"gene:GSBRNA2T00129919001_BnaA03g04290D",21.966273335098,-1.20358036060368,0.561349993765093,-2.14408189894331,0.032026325155501,0.738638932340645
"gene:GSBRNA2T00130051001_BnaA03g05460D",10.6731657083652,-1.45885502979591,0.713661330206066,-2.04418393998548,0.0409353791415848,NA
"gene:GSBRNA2T00130076001_BnaA03g05680D",1.5004641064823,-4.03283664014404,2.01318881172749,-2.00320835117473,0.0451549296664667,NA
"gene:GSBRNA2T00130318001_BnaC01g08010D",16.4802884244882,1.27376095203898,0.531217252474143,2.39781548153123,0.0164931712365278,0.513094130000595
"gene:GSBRNA2T00130343001_BnaC01g07820D",10.3176436719432,1.54399201888505,0.786061431870408,1.96421291808094,0.0495054053468727,NA
"gene:GSBRNA2T00130857001_BnaC01g03720D",400.287589499143,-1.02271543947655,0.215689246300569,-4.74161534252555,2.12020891700686e-06,0.000605787513136307
"gene:GSBRNA2T00130903001_BnaC01g03360D",235.097800138486,1.22431341842741,0.269706664018166,4.53942590882717,5.64075962948411e-06,0.00138033976311165
"gene:GSBRNA2T00131100001_BnaC01g01730D",35.109767617452,-2.19154696737241,0.427482307830237,-5.12663782156505,2.94962154603853e-07,0.000117855815898902
"gene:GSBRNA2T00131123001_BnaC01g01570D",80.7193992388174,-1.01414854335102,0.347393293804171,-2.91930950147444,0.00350807733747121,0.195018594943073
"gene:GSBRNA2T00131227001_BnaC01g00800D",1144.47945197868,-1.09081834622421,0.262856768712731,-4.1498583109204,3.32681141136571e-05,0.00565270574162419
"gene:GSBRNA2T00131229001_BnaC01g00790D",84.3939074128018,-1.18189719363389,0.284571194275912,-4.15325660997142,3.27776817527809e-05,0.00560847410085567
"gene:GSBRNA2T00132092001_BnaC06g19170D",39.7726881451833,1.02629396686116,0.39000083531764,2.6315173556623,0.00850045253249314,0.33779886893693
"gene:GSBRNA2T00132371001_BnaC03g19370D",77.5423362084886,1.42706897389308,0.285013077332954,5.00702980806025,5.52763694307662e-07,0.000199088354800501
"gene:GSBRNA2T00132652001_BnaA05g03410D",51.6781247733811,-1.46830603221567,0.402394369013399,-3.64892291066523,0.000263342105757349,0.0294069184647464
"gene:GSBRNA2T00132655001_BnaA05g03390D",68.0047612712738,-1.20441396673055,0.394823037407888,-3.05051593401901,0.00228448558189969,0.145501532503957
"gene:GSBRNA2T00132673001_BnaA05g03260D",9.47597466762523,-1.77949462352698,0.846147126239626,-2.1030558024055,0.0354608918460914,NA
"gene:GSBRNA2T00132917001_BnaA05g01210D",86.6013884199748,-1.32517676101855,0.301010700004736,-4.4024241031887,1.0704804300714e-05,0.00235985565153325
"gene:GSBRNA2T00132951001_BnaA05g00920D",10.254562784133,1.78876861405362,0.774402496302177,2.30986938006412,0.0208953867440352,NA
"gene:GSBRNA2T00133206001_BnaC09g35030D",3.49173404342906,-4.22280573330672,1.56442235138694,-2.69927473841254,0.00694907822180655,NA
"gene:GSBRNA2T00133420001_BnaC07g30860D",22.7442868126156,1.03091786985068,0.490299859227687,2.1026273013306,0.0354983614718114,0.771709903585018
"gene:GSBRNA2T00133424001_BnaC07g30820D",2.80372450072077,2.90177217322258,1.47880514959578,1.96224105252524,0.0497344264993251,NA
"gene:GSBRNA2T00133475001_BnaC07g30350D",2.98852437784178,-3.98650621866016,1.6384012285078,-2.43316847503278,0.0149673348528096,NA
"gene:GSBRNA2T00133665001_BnaC07g28910D",7.59078374021102,1.8256857480926,0.875517282284564,2.08526523123414,0.0370452316063984,NA
"gene:GSBRNA2T00133745001_BnaC07g28340D",2.16352220483118,-4.56116011432647,1.74971494557441,-2.60680182555627,0.00913922376560966,NA
"gene:GSBRNA2T00133827001_BnaC07g27690D",20.4444022518955,-1.00431826020125,0.483825215182039,-2.07578734775816,0.0379136230575462,0.78720483585064
"gene:GSBRNA2T00134456001_BnaC03g02770D",221.615272824544,-1.03554850356871,0.251855792540605,-4.11167237061563,3.92803448908051e-05,0.00643895499710044
"gene:GSBRNA2T00134515001_BnaC03g03270D",27.6855398657314,1.40210202927509,0.453708517619705,3.09031454077819,0.00199944628767821,0.132641506091702
"gene:GSBRNA2T00134537001_BnaC03g03450D",9.67204179799105,-4.20121835161052,1.33384722594961,-3.14969980810173,0.00163438304654367,NA
"gene:GSBRNA2T00135367001_BnaA10g17500D",15.8005418087709,1.19989746818352,0.600200712293735,1.99916035353903,0.0455910067041672,0.841227537912276
"gene:GSBRNA2T00135573001_BnaA10g19130D",33.7186453934772,1.49659522183172,0.416226972147257,3.59562287400788,0.000323616334107229,0.0346255937062346
"gene:GSBRNA2T00135683001_BnaA10g20060D",182.477065784334,-1.0824363329837,0.211397746269444,-5.12037782845632,3.04924109248131e-07,0.000120891772429352
"gene:GSBRNA2T00135742001_BnaA10g20610D",89.5064220617505,1.03210747304072,0.357145714340343,2.88987780504955,0.00385391599784608,0.204993503066141
"gene:GSBRNA2T00135967001_BnaA10g22470D",36.4221955005024,1.03606500049665,0.389684804838928,2.65872568709704,0.00784367970887029,0.323099825080713
"gene:GSBRNA2T00136111001_BnaA10g23640D",4.12384201590924,3.53409519566404,1.58267008351579,2.23299551338791,0.0255492402401093,NA
"gene:GSBRNA2T00136223001_BnaA10g24620D",51.2321959153068,-2.09801499923392,0.456364652632799,-4.59723378471651,4.28137135895066e-06,0.0010786524964639
"gene:GSBRNA2T00136281001_BnaA10g25130D",57.586245139746,-1.86829692458537,0.334315634863354,-5.5884222266452,2.29141958971873e-08,1.74913975368022e-05
"gene:GSBRNA2T00136282001_BnaA10g25140D",232.253484670521,-1.86316998476541,0.857759953779054,-2.17213449585376,0.0298455197125658,0.713089192413815
"gene:GSBRNA2T00136332001_BnaA10g25580D",3.97774743500734,-2.80763543657011,1.27008231578108,-2.21059328335224,0.027064014298097,NA
"gene:GSBRNA2T00136361001_BnaA10g25810D",170.861125739563,-1.33941832756877,0.272173420529649,-4.92119445375037,8.60176123945724e-07,0.000285667842097923
"gene:GSBRNA2T00136369001_BnaA10g25870D",45.4258269130812,-1.08307544573226,0.452644261533275,-2.39277405630523,0.0167215348725527,0.517053312891074
"gene:GSBRNA2T00136456001_BnaA10g26520D",87.3971040778034,-1.13650268976442,0.356726502736569,-3.18592165439329,0.00144293666501103,0.106030966659948
"gene:GSBRNA2T00136563001_BnaC08g39510D",54.376926829615,1.47045322046015,0.390294525798617,3.76754764226149,0.000164859085532849,0.020366391665713
"gene:GSBRNA2T00136968001_BnaC08g36080D",23.7987655898353,1.57446257037388,0.462781092989897,3.4021756597741,0.000668516538589518,0.0599835260519689
"gene:GSBRNA2T00137077001_BnaC02g22310D",20.379345632529,-1.05453391739613,0.469501120290945,-2.24607327186491,0.0246993150327348,0.654046835865547
"gene:GSBRNA2T00137267001_BnaC02g21040D",5.314067985182,-2.85135147963728,1.37087919887696,-2.07994364636442,0.03753070204958,NA
"gene:GSBRNA2T00137348001_BnaA03g35750D",6.60995352209893,-1.79424629350709,0.894602416762741,-2.00563541958656,0.0448951600276105,NA
"gene:GSBRNA2T00137514001_BnaA03g34290D",8.69923388628338,1.75201763761439,0.755023018898592,2.32048241412585,0.0203147951661695,NA
"gene:GSBRNA2T00137740001_BnaA03g32520D",38.1615856331398,1.34079482876798,0.420170254504399,3.19107508062292,0.0014174444036333,0.105236599901882
"gene:GSBRNA2T00138113001_BnaC01g12350D",33.133229513165,-1.20294601840273,0.492380939653869,-2.44312060342621,0.0145608704432709,0.475094962360566
"gene:GSBRNA2T00138277001_BnaC01g13500D",7.81683036737363,-1.70970024469901,0.811255528754677,-2.10747438273056,0.035076479953594,NA
"gene:GSBRNA2T00138692001_BnaA03g23420D",4.2005701027133,2.42136671158758,1.23317274155713,1.96352597652306,0.0495850891482759,NA
"gene:GSBRNA2T00138774001_BnaA03g22790D",190.992745775533,-1.11617082927085,0.270252277448234,-4.1301070237406,3.62594398214616e-05,0.00608017308271748
"gene:GSBRNA2T00138959001_BnaA03g21140D",12.3913083203824,1.76197197858696,0.624195851361452,2.82278707034638,0.00476081790220057,0.234122375759756
"gene:GSBRNA2T00139098001_BnaA03g20010D",40.159222662992,1.09049107601941,0.412239410257837,2.64528584333399,0.00816219349323825,0.328957623339777
"gene:GSBRNA2T00139182001_BnaC07g22910D",212.627232888871,-1.84704285926988,0.325450702038267,-5.67533837752393,1.38414774626572e-08,1.26412236312525e-05
"gene:GSBRNA2T00140254001_BnaC03g05240D",37.1557189515118,1.91009291314067,0.565975179500098,3.374870457796,0.000738504447505905,0.0642348154136769
"gene:GSBRNA2T00142291001_BnaC05g21190D",15.4536470223075,-1.07072740313628,0.533850651200215,-2.00566844065666,0.0448916344839271,0.834582971299879
"gene:GSBRNA2T00142452001_BnaC05g20360D",167.666121125824,1.22195932488482,0.208081064447166,5.87251573386241,4.29230954584909e-09,5.35428974177819e-06
"gene:GSBRNA2T00143208001_BnaA02g03120D",13.1773037653195,-1.27174892770621,0.589676385071894,-2.15668960111258,0.0310298577773918,0.725684702744321
"gene:GSBRNA2T00143335001_BnaA02g02020D",44.6875982969854,-1.17328255871455,0.39617576439697,-2.96152027497299,0.00306124337640526,0.177949289796246
"gene:GSBRNA2T00143430001_BnaA02g01220D",37.6525548101581,1.06957703366257,0.427677563412127,2.50089582705531,0.0123879611442971,0.427820126072129
"gene:GSBRNA2T00143661001_BnaC06g22690D",206.479571185499,-1.0127685500849,0.274140495316809,-3.69434128626092,0.00022045754093525,0.0255670759038377
"gene:GSBRNA2T00143968001_BnaC03g55460D",11.1921067263647,1.24857692740269,0.634626573527412,1.9674198646659,0.0491348260767422,NA
"gene:GSBRNA2T00143990001_BnaC03g55560D",17.2145194700084,-1.13733257317488,0.546006089298551,-2.0830034599724,0.0372509081800576,0.783049916958843
"gene:GSBRNA2T00144292001_BnaA06g29220D",27.6939005160938,1.30418855893775,0.416502728041993,3.13128455381031,0.00174043434670001,0.121270809574421
"gene:GSBRNA2T00146164001_BnaC09g05440D",2.31179388129534,-3.59419964465019,1.68305165331066,-2.13552545317322,0.0327181133611054,NA
"gene:GSBRNA2T00146242001_BnaA07g35910D",1.6692613914565,-4.18665313937028,2.13480977109176,-1.9611363954125,0.0498631140949527,NA
"gene:GSBRNA2T00146256001_BnaA07g35790D",62.6291008488408,-1.10075039949519,0.395465993665791,-2.78342617854884,0.0053788101257682,0.253908283626155
"gene:GSBRNA2T00146557001_BnaA07g33140D",2.06783296803643,4.50211291652282,2.27231983351801,1.9812848746528,0.047559335627895,NA
"gene:GSBRNA2T00147016001_BnaC06g09080D",321.935111733949,1.60773985954447,0.190107587738185,8.45699994762248,2.74344041552602e-17,1.40310516611663e-12
"gene:GSBRNA2T00147022001_BnaC06g09110D",146.17289039417,1.56876847878139,0.231451382237,6.77796115805872,1.21883604966524e-11,4.15574339493859e-08
"gene:GSBRNA2T00147489001_BnaA06g26620D",2.97417230913917,-3.02807391602646,1.52858650063136,-1.98096340297115,0.0475953778717566,NA
"gene:GSBRNA2T00147594001_BnaA06g27390D",4.28642946513549,-2.95987992525769,1.28559467175228,-2.30234302482239,0.0213158352877591,NA
"gene:GSBRNA2T00147722001_BnaA06g28320D",3.17243739235349,-4.0764560905415,1.7464491655902,-2.33413956206615,0.0195884153262626,NA
"gene:GSBRNA2T00147884001_BnaC06g38060D",2.30657949078937,4.65532171063252,1.94313842382562,2.39577461572048,0.0165852851160107,NA
"gene:GSBRNA2T00147907001_BnaC06g38250D",20.4548413697227,1.65175764528006,0.781857952906609,2.11260579896839,0.0346345219724375,0.764252742488971
"gene:GSBRNA2T00147987001_BnaC06g38870D",40.5447323001733,-1.35421906636358,0.385864586278794,-3.50957075232898,0.000448830628826239,0.044400374624157
"gene:GSBRNA2T00148277001_BnaC04g16670D",65.4895343038329,-1.2580016787111,0.375610879434701,-3.34921523200927,0.000810408146173488,0.0690791903798281
"gene:GSBRNA2T00148745001_BnaA03g09520D",19.3529204195279,-1.01222093552715,0.487183452011115,-2.0776997481106,0.0377370222728892,0.785839685311338
"gene:GSBRNA2T00148924001_BnaA03g08030D",4.07867694876396,2.84555754377378,1.30025289881983,2.18846467972234,0.0286357713468831,NA
"gene:GSBRNA2T00149041001_BnaA04g02430D",6.64254144985669,2.50249957974387,0.905118218350767,2.76483174132073,0.00569521641205206,NA
"gene:GSBRNA2T00149121001_BnaA04g01790D",21.1874627694361,1.19204640735886,0.523153073798735,2.27858052845439,0.0226920125069232,0.628008813665626
"gene:GSBRNA2T00149123001_BnaA04g01770D",44.4776141095565,1.00692683738066,0.359102673801041,2.80400818719202,0.00504716234307907,0.243291301483917
"gene:GSBRNA2T00149320001_BnaA04g00210D",2.14196680439387,-3.47628678455208,1.73240045824884,-2.00663003060275,0.04478907125311,NA
"gene:GSBRNA2T00149455001_BnaA01g16400D",285.932515729127,-1.20067704843824,0.211251626793914,-5.68363456727156,1.31861879335308e-08,1.22617162849546e-05
"gene:GSBRNA2T00149583001_BnaA01g15380D",4.57184325806786,2.56378241447171,1.27715876557094,2.00741089016103,0.0447059302107779,NA
"gene:GSBRNA2T00149841001_BnaC04g35560D",5.68951578520216,-2.19195005342244,0.997751020251092,-2.19689081637904,0.028028244893117,NA
"gene:GSBRNA2T00150101001_BnaC03g46120D",23.3642517444029,-1.06773320508043,0.479333887571019,-2.22753540437349,0.0259115123484525,0.668835465206435
"gene:GSBRNA2T00150246001_BnaA10g02860D",14.8911804982412,-1.23006098948593,0.554701305496185,-2.21751955024809,0.0265876085999586,0.676515748376261
"gene:GSBRNA2T00150390001_BnaA10g01740D",5.00284449776402,2.3283487058969,1.02223746142483,2.27769847394514,0.0227445487274068,NA
"gene:GSBRNA2T00150474001_BnaA10g01020D",140.51612515485,1.40244101536859,0.259062590058527,5.41352194097863,6.17970181251354e-08,3.5270766137318e-05
"gene:GSBRNA2T00150971001_BnaA08g16100D",55.6372783988955,-1.6384398883006,0.338647687612975,-4.8381841903291,1.31030687540585e-06,0.000408623992900955
"gene:GSBRNA2T00150991001_BnaA08g15930D",660.491738393187,-1.27106698696054,0.227077614352502,-5.59750017889218,2.17464628348848e-08,1.74913975368022e-05
"gene:GSBRNA2T00151131001_BnaA03g42750D",875.204888772634,-1.19405378797707,0.221740918777049,-5.38490502593091,7.24829107427383e-08,3.86152706981938e-05
"gene:GSBRNA2T00151229001_BnaA03g41890D",32.5512251174241,1.21056101196095,0.405405307768011,2.98605121532765,0.00282605308474437,0.169443914380031
"gene:GSBRNA2T00151504001_BnaA03g24780D",33.1364257765508,1.1130414142964,0.425563695141858,2.61545199226964,0.00891094471384767,0.34789416522521
"gene:GSBRNA2T00151583001_BnaA03g25450D",9.72094940532733,1.53668765042963,0.73170487922268,2.10014678604045,0.0357159307597984,NA
"gene:GSBRNA2T00151640001_BnaA03g25870D",136.822845583593,-1.35293831215452,0.249355493050843,-5.42574095962932,5.77146109101201e-08,3.48735272640585e-05
"gene:GSBRNA2T00151673001_BnaA03g26130D",490.335800579034,1.31975305577223,0.168033711831597,7.85409690345281,4.0266288480371e-15,6.86459686013365e-11
"gene:GSBRNA2T00151674001_BnaA03g26140D",570.510243116553,1.19499852593623,0.167615104470472,7.12942028531055,1.00792530938868e-12,5.72770355815275e-09
"gene:GSBRNA2T00151929001_BnaC02g04570D",2.153957100104,-4.5557430738603,1.95638142326052,-2.32865790877715,0.0198771956282665,NA
"gene:GSBRNA2T00151955001_BnaC02g04380D",20.8681032648268,3.68205597995742,1.8120894668163,2.03193939779724,0.0421597914336596,0.814092517142959
"gene:GSBRNA2T00152537001_BnaC02g27010D",3.15746880798171,-3.07529482977755,1.43126440082533,-2.14865599116711,0.0316616797080812,NA
"gene:GSBRNA2T00152777001_BnaC04g07010D",25.5221817951374,1.06161745178269,0.523067786013805,2.0295982283158,0.0423973951519333,0.815790962246228
"gene:GSBRNA2T00152836001_BnaC04g06700D",1.8363131559528,-4.32395579956232,1.88975269328127,-2.28810670038227,0.0221313081472672,NA
"gene:GSBRNA2T00153735001_BnaC03g33660D",22.3441859492922,1.39939366409256,0.467777484154199,2.9915797820471,0.00277538006642189,0.166796754544161
"gene:GSBRNA2T00154081001_BnaA10g13850D",113.495206537644,-1.05219290797254,0.236466989794713,-4.44963971032908,8.60144616975004e-06,0.00196389447725757
"gene:GSBRNA2T00154173001_BnaA10g14500D",280.948337610404,-1.26979755744395,0.504666051546765,-2.51611447521012,0.0118656635748451,0.417084190977237
"gene:GSBRNA2T00154414001_BnaC07g38710D",15.8608073146851,-1.49199651232022,0.739251455075937,-2.0182530613578,0.0435649125112599,0.826371699592335
"gene:GSBRNA2T00154941001_BnaA03g37650D",24.1986257171543,-1.05214198502589,0.462093384677128,-2.27690337043244,0.0227919965826346,0.628419466969567
"gene:GSBRNA2T00155048001_BnaA03g38510D",20.4115393796285,1.15960328910693,0.480720050719007,2.41222159835548,0.0158556413845898,0.50101206631039
"gene:GSBRNA2T00155209001_BnaC04g46440D",42.7860942784397,1.01857723956562,0.367705572967718,2.77008920845223,0.00560409414195004,0.26016602250497
"gene:GSBRNA2T00155210001_BnaC04g46430D",21.3491978222596,1.71984372908033,0.564463787992131,3.04686282037335,0.00231243216486181,0.14691556601204
"gene:GSBRNA2T00155269001_BnaC04g45990D",12.3870419629764,-1.82817412513721,0.805220285593996,-2.27040246978949,0.0231831747767478,0.63270026189007
"gene:GSBRNA2T00155296001_BnaC04g45750D",18.8102333654078,-1.89316843390194,0.635479966443201,-2.97911583979281,0.00289081467625943,0.171716406274811
"gene:GSBRNA2T00155366001_BnaC04g45160D",24.9788201467339,1.56526459593902,0.487006522246144,3.21405263469531,0.00130875680066413,0.0991630486120982
"gene:GSBRNA2T00155523001_BnaC08g30700D",11.6682916725044,-1.51498563493633,0.669438481812783,-2.26306923801851,0.0236314214980065,NA
"gene:GSBRNA2T00156174001_BnaA06g05440D",15.5749519231338,1.09555279617432,0.548470346113495,1.99746951487441,0.0457742028935776,0.842560199358307
"gene:GSBRNA2T00156200001_BnaA06g05200D",7.3644594609285,-1.93894623281499,0.901806564994012,-2.15006888182042,0.0315497666278953,NA
"gene:GSBRNA2T00156352001_BnaA06g03840D",6.95152813524598,1.86976125033875,0.871455963188139,2.14556022257098,0.0319080818604087,NA
"gene:GSBRNA2T00156637001_BnaA09g24440D",3.16322880837646,-3.07692068353727,1.45538992342439,-2.11415554966711,0.0345019839701011,NA
"gene:GSBRNA2T00156799001_BnaC04g21200D",28.8657316456671,1.07439239650099,0.395338356706615,2.71765281125582,0.00657467874851338,0.291047205065054
"gene:GSBRNA2T00157016001_BnaC07g37400D",11.6853734081152,2.58491709802758,0.741610349174942,3.4855461508909,0.000491133495362813,NA
"gene:GSBRNA2T00157099001_BnaC07g38030D",40.7379334523658,1.15379053464666,0.35822639950869,3.22084172531418,0.00127814713863667,0.0977123426882416
"gene:GSBRNA2T00157107001_BnaC07g38110D",5.69829709051067,1.95887703718285,0.95766025869868,2.04548222544463,0.0408073398095692,NA
"gene:GSBRNA2T00157132001_BnaC07g38300D",2.43501732441438,3.67467154822941,1.69088720039603,2.1732209856274,0.0297636890570474,NA
"gene:GSBRNA2T00157941001_BnaC07g10340D",3.31588057188588,-3.15495233493779,1.42876873098779,-2.20816166151438,0.027233005885066,NA
